platform,campaign,brand,creator_handle,tier,video_id,title,published_date,period_month,content_format,funnel_stage,audience_size,view_count,like_count,comment_count,share_count,duration_sec,total_engagements,engagement_rate,view_reach_ratio,watch_through_rate,watch_time_index,modeled_spend_usd,cost_per_engagement,er_flag,reach_flag,cost_per_view,share_rate,duration_bucket,overall_performance
YouTube,GlowMetric_Q1_2025,GlowMetric,NikkieTutorials,Mega,2XodIjkjIkQ,is this the BEST nose contour hack?? 😱👀,2026-03-19,2026-03,Vlog/Other,Awareness,15000000,2171467,119196,774,,90,119970,0.008,0.1448,,0.12,39086.41,0.3258,Weak,Average,0.018,,Medium (1-3 min),Average
YouTube,GlowMetric_Q1_2025,GlowMetric,NikkieTutorials,Mega,eFkEZF_ySFo,PURPLE Blush for Foundation?! 🫣🔮,2026-03-12,2026-03,Vlog/Other,Awareness,15000000,2525810,164773,1131,,96,165904,0.01106,0.1684,,0.177,45464.58,0.274,Average,Strong,0.018,,Medium (1-3 min),Strong
YouTube,GlowMetric_Q1_2025,GlowMetric,NikkieTutorials,Mega,qFIItd-8eRI,this highlighter looks like a RASH! 😱😳,2026-03-04,2026-03,Vlog/Other,Awareness,15000000,2082423,118485,960,,95,119445,0.00796,0.1388,,0.126,37483.61,0.3138,Weak,Average,0.018,,Medium (1-3 min),Average
YouTube,GlowMetric_Q1_2025,GlowMetric,NikkieTutorials,Mega,xjzONuy3x4I,the UGLIEST drugstore lipstick ever? 😖,2026-02-08,2026-02,Vlog/Other,Awareness,15000000,1413493,90411,3030,,104,93441,0.00623,0.0942,,0.108,25442.87,0.2723,Weak,Average,0.018,,Medium (1-3 min),Average
YouTube,GlowMetric_Q1_2025,GlowMetric,NikkieTutorials,Mega,x0yA86qK-lA,SpongeBob SquarePants CREAM BLUSH?! 🧽🫧,2026-02-02,2026-02,Vlog/Other,Awareness,15000000,2439233,140065,864,,92,140929,0.0094,0.1626,,0.1441,43906.19,0.3115,Weak,Strong,0.018,,Medium (1-3 min),Strong
YouTube,GlowMetric_Q1_2025,GlowMetric,NikkieTutorials,Mega,tGZX5PBaDRg,trying RAINBOW undereyes… again! 🌈🤔✨,2026-01-29,2026-01,Vlog/Other,Awareness,15000000,2113766,170506,1428,,110,171934,0.01146,0.1409,,0.2101,38047.79,0.2213,Average,Average,0.018,,Medium (1-3 min),Average
YouTube,GlowMetric_Q1_2025,GlowMetric,NikkieTutorials,Mega,cwWE2na-UOY,temporary GLITTER eye tattoos?! 🫢👀✨,2025-12-21,2025-12,Vlog/Other,Awareness,15000000,2569113,153022,1273,,129,154295,0.01029,0.1713,,0.2212,46244.03,0.2997,Average,Strong,0.018,,Medium (1-3 min),Strong
YouTube,GlowMetric_Q1_2025,GlowMetric,NikkieTutorials,Mega,EdfUv0CAG9Y,a matte lipstick that becomes GLITTERY?! 🫢,2025-12-02,2025-12,Vlog/Other,Awareness,15000000,5271617,243621,1211,,108,244832,0.01632,0.3514,,0.2938,94889.11,0.3876,Average,Strong,0.018,,Medium (1-3 min),Strong
YouTube,GlowMetric_Q1_2025,GlowMetric,NikkieTutorials,Mega,BQKEh3E_Jqo,trying a Marilyn Monroe Halloween Look 🩸,2025-10-28,2025-10,Vlog/Other,Awareness,15000000,1785750,107430,919,,78,108349,0.00722,0.1191,,0.0939,32143.5,0.2967,Weak,Average,0.018,,Medium (1-3 min),Average
YouTube,GlowMetric_Q1_2025,GlowMetric,NikkieTutorials,Mega,h5XScKlQymU,a SKINCARE APP for your routine?? 📲🔎,2025-10-16,2025-10,Routine,Awareness,15000000,643695,25825,251,,97,26076,0.00174,0.0429,,0.0281,11586.51,0.4443,Weak,Weak,0.018,,Medium (1-3 min),Underperformer
YouTube,GlowMetric_Q1_2025,GlowMetric,NikkieTutorials,Mega,X82AxSqjv4E,$250 Louis Vuitton EYESHADOW?! 💀,2025-09-11,2025-09,Vlog/Other,Awareness,15000000,3084399,154429,2140,,120,156569,0.01044,0.2056,,0.2088,55519.18,0.3546,Average,Strong,0.018,,Medium (1-3 min),Strong
YouTube,GlowMetric_Q1_2025,GlowMetric,NikkieTutorials,Mega,yvN81rlFE7A,Louis Vuitton.. are you serious? 😳 $250 Eyeshadow + $160 Lipstick - THE TRUTH! | NikkieTutorials,2025-09-08,2025-09,Tutorial,Consideration,15000000,611158,31430,2427,,1270,33857,0.00226,0.0407,,0.4784,11000.84,0.3249,Weak,Weak,0.018,,Deep (10+ min),Underperformer
YouTube,GlowMetric_Q1_2025,GlowMetric,NikkieTutorials,Mega,0M0Yn5DzJgA,trying this CRAZY FULL COVERAGE foundation! 🫢,2025-08-31,2025-08,Vlog/Other,Awareness,15000000,7765172,204628,1043,,74,205671,0.01371,0.5177,,0.1691,139773.1,0.6796,Average,Strong,0.018,,Medium (1-3 min),Strong
YouTube,GlowMetric_Q1_2025,GlowMetric,NikkieTutorials,Mega,61RIyqJJRSE,finding my “natural unnatural skin color” 🫢🩵,2025-08-18,2025-08,Vlog/Other,Awareness,15000000,8038835,550433,3666,,100,554099,0.03694,0.5359,,0.6157,144699.03,0.2611,Strong,Strong,0.018,,Medium (1-3 min),Top Performer
YouTube,GlowMetric_Q1_2025,GlowMetric,NikkieTutorials,Mega,lUOPymswhCg,this filter decides my MAKEUP + number of PUMPS! 😱😮‍💨,2025-08-10,2025-08,Vlog/Other,Awareness,15000000,24535413,805572,8257,,169,813829,0.05426,1.6357,,1.5283,441637.43,0.5427,Strong,Strong,0.018,,Medium (1-3 min),Top Performer
YouTube,GlowMetric_Q1_2025,GlowMetric,WayneGoss,Macro,k1lmzPXHtwI,THE BEAUTY BLENDER MYTH - WATCH AND LEARN!,2026-03-24,2026-03,Vlog/Other,Awareness,3960000,3910,1205,87,,109,1292,0.00033,0.001,,0.006,54.74,0.0424,Weak,Weak,0.014,,Medium (1-3 min),Underperformer
YouTube,GlowMetric_Q1_2025,GlowMetric,WayneGoss,Macro,WM4GBOdCSfU,IF YOU&#39;RE FOUNDATION LOOKS LIKE THIS - DO THIS!,2026-03-20,2026-03,Vlog/Other,Awareness,3960000,25687,2757,114,,96,2871,0.00072,0.0065,,0.0115,359.62,0.1253,Weak,Weak,0.014,,Medium (1-3 min),Underperformer
YouTube,GlowMetric_Q1_2025,GlowMetric,WayneGoss,Macro,_IROcKCTEaY,The Most Pigmented Blusher EVER? Patrick Ta “She’s Left Me On Red” Review!,2025-04-04,2025-04,Review,Consideration,3960000,13366,1096,190,,163,1286,0.00032,0.0034,,0.0087,187.12,0.1455,Weak,Weak,0.014,,Medium (1-3 min),Underperformer
YouTube,GlowMetric_Q1_2025,GlowMetric,WayneGoss,Macro,MeHe0b3jWSM,18 3  Regular touch ups are important,2023-12-06,2023-12,Short,Awareness,3960000,18251,1192,23,,50,1215,0.00031,0.0046,,0.0026,255.51,0.2103,Weak,Weak,0.014,,Short (<1 min),Underperformer
YouTube,GlowMetric_Q1_2025,GlowMetric,WayneGoss,Macro,BVOEoC3C87Y,THE MASTERCLASS FOUNDATION / CONCEALER,2022-02-03,2022-02,Vlog/Other,Awareness,3960000,48086,2617,116,,495,2733,0.00069,0.0121,,0.0569,673.2,0.2463,Weak,Weak,0.014,,Long (3-10 min),Underperformer
YouTube,GlowMetric_Q1_2025,GlowMetric,WayneGoss,Macro,ue9dDO2hxBc,URBAN DECAY NAKED SMOKY PALETTE REVIEW / DEMO,2015-07-31,2015-07,Review,Consideration,3960000,141169,4728,333,,197,5061,0.00128,0.0356,,0.042,1976.37,0.3905,Weak,Weak,0.014,,Long (3-10 min),Underperformer
YouTube,GlowMetric_Q1_2025,GlowMetric,WayneGoss,Macro,dMNpYU4tPkU,THE &#39;NON&#39; INSTAGRAM EYEBROW TUTORIAL,2015-02-21,2015-02,Tutorial,Consideration,3960000,526074,16010,1289,,143,17299,0.00437,0.1328,,0.1042,7365.04,0.4257,Weak,Average,0.014,,Medium (1-3 min),Average
YouTube,GlowMetric_Q1_2025,GlowMetric,WayneGoss,Macro,bpW9P-vFiTI,TOM FORD LIPSTICK REVIEW,2011-09-06,2011-09,Review,Consideration,3960000,77729,1645,278,,164,1923,0.00049,0.0196,,0.0134,1088.21,0.5659,Weak,Weak,0.014,,Medium (1-3 min),Underperformer
YouTube,GlowMetric_Q1_2025,GlowMetric,Hyram,Macro,BjY0kjkoI8E,Yerin Ha&#39;s Korean Skin Care Routine Is EVERYTHING 😍,2026-03-22,2026-03,Routine,Awareness,4380000,43379,1630,68,,1511,1698,0.00039,0.0099,,0.0982,607.31,0.3577,Weak,Weak,0.014,,Deep (10+ min),Underperformer
YouTube,GlowMetric_Q1_2025,GlowMetric,Hyram,Macro,MuA2z3MW4hI,Why You Should Stop Using Skin Care,2026-03-08,2026-03,Vlog/Other,Awareness,4380000,55935,2374,277,,1056,2651,0.00061,0.0128,,0.1074,783.09,0.2954,Weak,Weak,0.014,,Deep (10+ min),Underperformer
YouTube,GlowMetric_Q1_2025,GlowMetric,Hyram,Macro,qgKOU2sQ4bo,The Hidden Signs of ADHD I Missed (so they won&#39;t ruin your life too),2026-02-13,2026-02,Vlog/Other,Awareness,4380000,17933,1122,172,,2027,1294,0.0003,0.0041,,0.1013,251.06,0.194,Weak,Weak,0.014,,Deep (10+ min),Underperformer
YouTube,GlowMetric_Q1_2025,GlowMetric,Hyram,Macro,UuP2bOy1p3g,Specialist Reacts to Dua Lipa&#39;s Skin Care Routine,2026-02-02,2026-02,Routine,Awareness,4380000,23237,1140,97,,1449,1237,0.00028,0.0053,,0.0676,325.32,0.263,Weak,Weak,0.014,,Deep (10+ min),Underperformer
YouTube,GlowMetric_Q1_2025,GlowMetric,Hyram,Macro,-MJamHpoxp8,10 Things Your Skin Care WON&#39;T Fix (they&#39;re lying to you),2026-01-11,2026-01,Vlog/Other,Awareness,4380000,22390,1120,82,,1408,1202,0.00027,0.0051,,0.0634,313.46,0.2608,Weak,Weak,0.014,,Deep (10+ min),Underperformer
YouTube,GlowMetric_Q1_2025,GlowMetric,Hyram,Macro,20yxQPffF6w,Korean Skin Care to Save Your Skin This Winter ❄️,2025-12-27,2025-12,Vlog/Other,Awareness,4380000,25747,953,47,,1373,1000,0.00023,0.0059,,0.0526,360.46,0.3605,Weak,Weak,0.014,,Deep (10+ min),Underperformer
YouTube,GlowMetric_Q1_2025,GlowMetric,Hyram,Macro,gVG9Q-lxxv8,Reacting to &quot;Heated Rivalry&quot; Star Hudson William&#39;s Skin Care Routine 👀,2025-12-25,2025-12,Routine,Awareness,4380000,158304,7228,386,,1699,7614,0.00174,0.0361,,0.4927,2216.26,0.2911,Weak,Weak,0.014,,Deep (10+ min),Underperformer
YouTube,GlowMetric_Q1_2025,GlowMetric,Hyram,Macro,YEdPmCF10II,10 Mistakes You&#39;re Making That Are Destroying Your Skin,2025-12-22,2025-12,Vlog/Other,Awareness,4380000,44773,1960,105,,1124,2065,0.00047,0.0102,,0.088,626.82,0.3035,Weak,Weak,0.014,,Deep (10+ min),Underperformer
YouTube,GlowMetric_Q1_2025,GlowMetric,Hyram,Macro,Fo_FiGKnnaA,I Tried Every Allure 2025 Beauty Winner (here are the best 👀),2025-12-19,2025-12,Test/Rank,Consideration,4380000,37012,1239,51,,1189,1290,0.00029,0.0085,,0.0575,518.17,0.4017,Weak,Weak,0.014,,Deep (10+ min),Underperformer
YouTube,GlowMetric_Q1_2025,GlowMetric,Hyram,Macro,CoixYVbKYOk,I’m finally done. Text JOINHYRAM to 88709 to join me in quitting! ❤️ #EXProgramAd @exprogram,2025-12-07,2025-12,Vlog/Other,Awareness,4380000,2848057,1056,53,,125,1109,0.00025,0.6502,,0.0052,39872.8,35.9538,Weak,Strong,0.014,,Medium (1-3 min),Strong
YouTube,GlowMetric_Q1_2025,GlowMetric,Hyram,Macro,qodN-7ZOpsg,"The BEST Moisturizers of 2025 🧴 Eczema, Lips, &amp; All Skin Types!",2025-11-29,2025-11,Vlog/Other,Awareness,4380000,29824,1061,58,,1274,1119,0.00026,0.0068,,0.0552,417.54,0.3731,Weak,Weak,0.014,,Deep (10+ min),Underperformer
YouTube,GlowMetric_Q1_2025,GlowMetric,Hyram,Macro,Rm9rYRo3CvY,Korean Skin Care You Can’t Miss This Black Friday!,2025-11-27,2025-11,Vlog/Other,Awareness,4380000,29140,952,46,,1206,998,0.00023,0.0067,,0.0462,407.96,0.4088,Weak,Weak,0.014,,Deep (10+ min),Underperformer
YouTube,GlowMetric_Q1_2025,GlowMetric,Hyram,Macro,ttYwJWBqu68,"The BEST Serums of 2025 💦 Acne, Aging, Dark Spots, Redness, + more!",2025-11-24,2025-11,Vlog/Other,Awareness,4380000,41212,1392,88,,1292,1480,0.00034,0.0094,,0.0732,576.97,0.3898,Weak,Weak,0.014,,Deep (10+ min),Underperformer
YouTube,GlowMetric_Q1_2025,GlowMetric,Hyram,Macro,auTvbGaVXzw,The Truth About Rini: The Skin Care Brand for Toddlers,2025-11-16,2025-11,Vlog/Other,Awareness,4380000,13778,679,132,,1526,811,0.00019,0.0031,,0.0483,192.89,0.2378,Weak,Weak,0.014,,Deep (10+ min),Underperformer
YouTube,GlowMetric_Q1_2025,GlowMetric,Hyram,Macro,9g0Yu098q2M,TikTok Skin Care Trends That Need To Die,2025-11-07,2025-11,Vlog/Other,Awareness,4380000,26292,1224,63,,970,1287,0.00029,0.006,,0.0469,368.09,0.286,Weak,Weak,0.014,,Deep (10+ min),Underperformer
YouTube,GlowMetric_Q1_2025,GlowMetric,DrDrayzday,Macro,_nYloDafhh0,Repair Skin Barrier FAST (No New Products!),2026-03-24,2026-03,Vlog/Other,Awareness,2630000,7225,782,77,,988,859,0.00033,0.0027,,0.0543,101.15,0.1178,Weak,Weak,0.014,,Deep (10+ min),Underperformer
YouTube,GlowMetric_Q1_2025,GlowMetric,DrDrayzday,Macro,l1qyrLOw3jU,These 3 Body Products Changed Everything #dermatologist,2026-03-23,2026-03,Vlog/Other,Awareness,2630000,58676,4532,119,,92,4651,0.00177,0.0223,,0.0271,821.46,0.1766,Weak,Weak,0.014,,Medium (1-3 min),Underperformer
YouTube,GlowMetric_Q1_2025,GlowMetric,DrDrayzday,Macro,SSR0t63tkfM,Dermatologist Reviews Dollar Tree Skincare (What’s Worth It?),2026-03-23,2026-03,Review,Consideration,2630000,17086,1419,193,,760,1612,0.00061,0.0065,,0.0773,239.2,0.1484,Weak,Weak,0.014,,Deep (10+ min),Underperformer
YouTube,GlowMetric_Q1_2025,GlowMetric,DrDrayzday,Macro,Tx8hHbxLQCY,Impaired Barrier? Try A Balm Instead! #dermatologistadvice,2026-03-22,2026-03,Vlog/Other,Awareness,2630000,29610,1710,52,,108,1762,0.00067,0.0113,,0.0121,414.54,0.2353,Weak,Weak,0.014,,Medium (1-3 min),Underperformer
YouTube,GlowMetric_Q1_2025,GlowMetric,DrDrayzday,Macro,0NGjbxT7fGY,From Tretinoin to Sunscreen Sticks. Dermatologist Answers Your Questions,2026-03-22,2026-03,Vlog/Other,Awareness,2630000,18476,1260,196,,1107,1456,0.00055,0.007,,0.1015,258.66,0.1777,Weak,Weak,0.014,,Deep (10+ min),Underperformer
YouTube,GlowMetric_Q1_2025,GlowMetric,DrDrayzday,Macro,JGP6YN6gc2w,How to Get Rid of Fine Lines (Dermatologist Explains),2026-03-21,2026-03,Tutorial,Consideration,2630000,51925,3039,69,,108,3108,0.00118,0.0197,,0.0212,726.95,0.2339,Weak,Weak,0.014,,Medium (1-3 min),Underperformer
YouTube,GlowMetric_Q1_2025,GlowMetric,DrDrayzday,Macro,dX8GMTPkeC0,*NEW* Mineral Sunscreen Review + Your Skincare Questions Answered,2026-03-21,2026-03,Review,Consideration,2630000,13996,963,129,,873,1092,0.00042,0.0053,,0.0611,195.94,0.1794,Weak,Weak,0.014,,Deep (10+ min),Underperformer
YouTube,GlowMetric_Q1_2025,GlowMetric,DrDrayzday,Macro,wdGNephtSkI,These Nail Lines Mean WHAT? #dermatologist,2026-03-20,2026-03,Vlog/Other,Awareness,2630000,28752,810,15,,94,825,0.00031,0.0109,,0.0049,402.53,0.4879,Weak,Weak,0.014,,Medium (1-3 min),Underperformer
YouTube,GlowMetric_Q1_2025,GlowMetric,DrDrayzday,Macro,eFwNXBvPmPk,Dermatologist: Best Ingredients for Menopausal Skin (Improve Elasticity),2026-03-20,2026-03,Vlog/Other,Awareness,2630000,45585,3039,173,,862,3212,0.00122,0.0173,,0.1753,638.19,0.1987,Weak,Weak,0.014,,Deep (10+ min),Underperformer
YouTube,GlowMetric_Q1_2025,GlowMetric,DrDrayzday,Macro,ipvj7kCq3DQ,Can You Use AmLactin on Your Face? #dermatologistrecommended,2026-03-19,2026-03,Vlog/Other,Awareness,2630000,67777,3624,183,,77,3807,0.00145,0.0258,,0.0186,948.88,0.2492,Weak,Weak,0.014,,Medium (1-3 min),Underperformer
YouTube,GlowMetric_Q1_2025,GlowMetric,DrDrayzday,Macro,eq198O9Lkm0,Dermatologist: Why Glycerin Is the Best Moisturizer Ingredient,2026-03-19,2026-03,Vlog/Other,Awareness,2630000,26992,1899,195,,1017,2094,0.0008,0.0103,,0.1356,377.89,0.1805,Weak,Weak,0.014,,Deep (10+ min),Underperformer
YouTube,GlowMetric_Q1_2025,GlowMetric,DrDrayzday,Macro,PaO_VaacasE,Aquaphor Under Eyes? Dermatologist Reacts,2026-03-18,2026-03,Vlog/Other,Awareness,2630000,90545,3597,107,,69,3704,0.00141,0.0344,,0.0162,1267.63,0.3422,Weak,Weak,0.014,,Medium (1-3 min),Underperformer
YouTube,GlowMetric_Q1_2025,GlowMetric,DrDrayzday,Macro,IL5Yx4xxJlM,5 Evidence-Based Supplements for Skin | Dermatologist Explains,2026-03-18,2026-03,Vlog/Other,Awareness,2630000,71505,3944,227,,980,4171,0.00159,0.0272,,0.2597,1001.07,0.24,Weak,Weak,0.014,,Deep (10+ min),Underperformer
YouTube,GlowMetric_Q1_2025,GlowMetric,DrDrayzday,Macro,1dimJEJ-5p8,How to Improve Skin Texture | Dermatologist Daily Habits for Smoother Skin,2026-03-16,2026-03,Tutorial,Consideration,2630000,77597,4495,289,,1072,4784,0.00182,0.0295,,0.3252,1086.36,0.2271,Weak,Weak,0.014,,Deep (10+ min),Underperformer
YouTube,GlowMetric_Q1_2025,GlowMetric,DrDrayzday,Macro,NhJfqPm4UOA,These Skin Changes Could Be a Warning Sign of Colon Cancer,2026-03-09,2026-03,Vlog/Other,Awareness,2630000,113668,3725,258,,698,3983,0.00151,0.0432,,0.1757,1591.35,0.3995,Weak,Weak,0.014,,Deep (10+ min),Underperformer
YouTube,GlowMetric_Q1_2025,GlowMetric,JamieGenevieve,Mid,rgJTA-ffPZM,‘The girls’ 🥹🥹🥹,2026-03-09,2026-03,Short,Awareness,978000,23584,871,37,,6,908,0.00093,0.0241,,0.0009,235.84,0.2597,Weak,Weak,0.01,,Short (<1 min),Underperformer
YouTube,GlowMetric_Q1_2025,GlowMetric,JamieGenevieve,Mid,lisEgEyj7F0,"A SELF-CARE GLOW UP (facial, hair, makeup, pregnancy...) | JAMIE GENEVIEVE",2026-02-09,2026-02,Vlog/Other,Awareness,978000,78222,3272,173,,1214,3445,0.00352,0.08,,0.7122,782.22,0.2271,Weak,Average,0.01,,Deep (10+ min),Average
YouTube,GlowMetric_Q1_2025,GlowMetric,JamieGenevieve,Mid,J4f3NR0jdD4,5 THINGS TO START YOUR YEAR OFF RIGHT | JAMIE GENEVIEVE,2026-01-13,2026-01,Vlog/Other,Awareness,978000,40541,2220,176,,1119,2396,0.00245,0.0415,,0.4569,405.41,0.1692,Weak,Weak,0.01,,Deep (10+ min),Underperformer
YouTube,GlowMetric_Q1_2025,GlowMetric,JamieGenevieve,Mid,-ieUe8Yr2bg,GRWM and my little mini princess Elsa queen x,2025-12-13,2025-12,Routine,Awareness,978000,62047,3060,63,,139,3123,0.00319,0.0634,,0.0739,620.47,0.1987,Weak,Average,0.01,,Medium (1-3 min),Average
YouTube,GlowMetric_Q1_2025,GlowMetric,JamieGenevieve,Mid,DHMhA0sHRDM,A WEEK WITH ME (is it a new vlog era?) | JAMIE GENEVIEVE,2025-11-12,2025-11,Vlog/Other,Awareness,978000,63244,2586,124,,1101,2710,0.00277,0.0647,,0.5083,632.44,0.2334,Weak,Average,0.01,,Deep (10+ min),Average
YouTube,GlowMetric_Q1_2025,GlowMetric,JamieGenevieve,Mid,JU74-5bVHKU,A JEWELLERY TOUR (from a woman who loves jewellery) | JAMIE GENEVIEVE,2025-09-22,2025-09,Vlog/Other,Awareness,978000,43447,1850,147,,1210,1997,0.00204,0.0444,,0.4114,434.47,0.2176,Weak,Weak,0.01,,Deep (10+ min),Underperformer
YouTube,GlowMetric_Q1_2025,GlowMetric,JamieGenevieve,Mid,mVZWEoAHX2w,"LET&#39;S DO THE WORKS (skincare, easy fake tan &amp; makeup) | JAMIE GENEVIEVE",2025-09-05,2025-09,Vlog/Other,Awareness,978000,70391,2464,86,,1727,2550,0.00261,0.072,,0.7512,703.91,0.276,Weak,Average,0.01,,Deep (10+ min),Average
YouTube,GlowMetric_Q1_2025,GlowMetric,JamieGenevieve,Mid,v8ZJpxPiQuQ,A LOT HAS CHANGED (and so it should 🪐) | JAMIE GENEVIEVE,2025-08-21,2025-08,Vlog/Other,Awareness,978000,101633,4158,279,,1397,4437,0.00454,0.1039,,1.0571,1016.33,0.2291,Weak,Average,0.01,,Deep (10+ min),Average
YouTube,GlowMetric_Q1_2025,GlowMetric,JamieGenevieve,Mid,5K93FAFfhzw,RECREATING MY MOST POPULAR VIDEO (night out makeup tutorial) | JAMIE GENEVIEVE,2025-07-14,2025-07,Routine,Awareness,978000,63243,3280,167,,1101,3447,0.00352,0.0647,,0.6459,632.43,0.1835,Weak,Average,0.01,,Deep (10+ min),Average
YouTube,GlowMetric_Q1_2025,GlowMetric,JamieGenevieve,Mid,Fbfn9pVk-Ng,10 BEAUTY TIPS (that are actually realistic) | JAMIE GENEVIEVE,2025-06-03,2025-06,Vlog/Other,Awareness,978000,99917,3495,227,,1359,3722,0.00381,0.1022,,0.863,999.17,0.2684,Weak,Average,0.01,,Deep (10+ min),Average
YouTube,GlowMetric_Q1_2025,GlowMetric,JamieGenevieve,Mid,VYD_317xIoE,I’ll never forget that this is what it’s all about ❤️‍🔥❤️‍🔥❤️‍🔥,2025-05-12,2025-05,Short,Awareness,978000,57106,0,59,,23,59,6e-05,0.0584,,0.0002,571.06,9.679,Weak,Average,0.01,,Short (<1 min),Average
YouTube,GlowMetric_Q1_2025,GlowMetric,JamieGenevieve,Mid,iK8UJA6h6uk,"BEAUTY, HAIR, BOOKS &amp; BEING A TODDLER MUM | JAMIE GENEVIEVE",2025-05-05,2025-05,Vlog/Other,Awareness,978000,72007,2479,99,,921,2578,0.00264,0.0736,,0.4052,720.07,0.2793,Weak,Average,0.01,,Deep (10+ min),Average
YouTube,GlowMetric_Q1_2025,GlowMetric,JamieGenevieve,Mid,k_LaropwsOU,A BIG GORGEOUS GLAM MAKEUP TUTORIAL | JAMIE GENEVIEVE,2025-03-06,2025-03,Tutorial,Consideration,978000,96613,4824,213,,1263,5037,0.00515,0.0988,,1.0841,966.13,0.1918,Weak,Average,0.01,,Deep (10+ min),Average
YouTube,GlowMetric_Q1_2025,GlowMetric,JamieGenevieve,Mid,QcnkL8offmY,SKINCARE ROUTINE &amp; WHAT I&#39;VE DONE: chin lipo &amp; treatments | JAMIE GENEVIEVE,2025-01-09,2025-01,Routine,Awareness,978000,83201,3131,178,,1665,3309,0.00338,0.0851,,0.938,832.01,0.2514,Weak,Average,0.01,,Deep (10+ min),Average
YouTube,GlowMetric_Q1_2025,GlowMetric,JamieGenevieve,Mid,xRK9n-kK85c,"FAVOURITE THINGS - ORGANISATION, BOOKS, HEALTH &amp; WELLBEING | JAMIE GENEVIEVE",2024-08-27,2024-08,Vlog/Other,Awareness,978000,78270,3306,175,,950,3481,0.00356,0.08,,0.5637,782.7,0.2248,Weak,Average,0.01,,Deep (10+ min),Average
YouTube,GlowMetric_Q1_2025,GlowMetric,ShaaanXO,Micro,_MPswa7Vf0Q,WORKOUT PROOF? 🥵💦 trying the NEW estee lauder double wear foundation formula,2026-03-19,2026-03,Vlog/Other,Awareness,2920000,9622,548,71,,1399,619,0.00021,0.0033,,0.049,67.35,0.1088,Weak,Weak,0.007,,Deep (10+ min),Underperformer
YouTube,GlowMetric_Q1_2025,GlowMetric,ShaaanXO,Micro,fBXJGwPREv0,full face of GREEN products challenge 🍀 GRWM (packaging challenge),2025-05-22,2025-05,Routine,Awareness,2920000,21927,1310,115,,2089,1425,0.00049,0.0075,,0.1706,153.49,0.1077,Weak,Weak,0.007,,Deep (10+ min),Underperformer
YouTube,GlowMetric_Q1_2025,GlowMetric,ShaaanXO,Micro,ZMzZOMx46H8,I felt like mashing lots of colors together to see what would happen…. luckily it worked out 🙂‍↕️,2025-02-17,2025-02,Vlog/Other,Awareness,2920000,7071,574,13,,88,587,0.0002,0.0024,,0.0029,49.5,0.0843,Weak,Weak,0.007,,Medium (1-3 min),Underperformer
YouTube,GlowMetric_Q1_2025,GlowMetric,ShaaanXO,Micro,MmYyJ9vhqFU,0-100 makeover! 🧖🏼‍♀️ a nice calm GRWM for netflix &amp; chill,2022-03-15,2022-03,Routine,Awareness,2920000,49762,2917,193,,1223,3110,0.00107,0.017,,0.2181,348.33,0.112,Weak,Weak,0.007,,Deep (10+ min),Underperformer
YouTube,GlowMetric_Q1_2025,GlowMetric,ShaaanXO,Micro,5syLAXnBmsg,I dyed my hair pink.... 💗☁️🍦 chit chat GRWM for an ad!,2021-06-22,2021-06,Routine,Awareness,2920000,56117,2838,215,,1028,3053,0.00105,0.0192,,0.1799,392.82,0.1287,Weak,Weak,0.007,,Deep (10+ min),Underperformer
YouTube,GlowMetric_Q1_2025,GlowMetric,ShaaanXO,Micro,cReXCcjhjtw,Our Wedding Film 💍 Shannon &amp; Hamish 13.02.21,2021-03-04,2021-03,Vlog/Other,Awareness,2920000,299194,21041,1890,,656,22931,0.00785,0.1025,,0.8583,2094.36,0.0913,Weak,Average,0.007,,Deep (10+ min),Average
YouTube,GlowMetric_Q1_2025,GlowMetric,ShaaanXO,Micro,B0r7klj0-Sc,Chit Chat GRWM 💖 Cosmopolitan Pink &amp; Burgundy! 💕🍹 Cocktail Series,2017-06-01,2017-06,Routine,Awareness,2920000,383773,21080,1775,,1253,22855,0.00783,0.1314,,1.6352,2686.41,0.1175,Weak,Average,0.007,,Deep (10+ min),Average
YouTube,GlowMetric_Q1_2025,GlowMetric,ShaaanXO,Micro,V0orZCwqOto,GRWM ♡ My Go-To Everyday Makeup Look! &amp; Outfit Of The Day!,2014-05-07,2014-05,Routine,Awareness,2920000,332010,10287,478,,470,10765,0.00369,0.1137,,0.2891,2324.07,0.2159,Weak,Average,0.007,,Long (3-10 min),Average
YouTube,GlowMetric_Q1_2025,GlowMetric,ShaaanXO,Micro,ISUn7dqr73U,Get Ready With Me! Sexy Summery Makeup! ♡ Shaaanxo,2013-11-16,2013-11,Routine,Awareness,2920000,284839,10852,1028,,236,11880,0.00407,0.0975,,0.1601,1993.87,0.1678,Weak,Average,0.007,,Long (3-10 min),Average
YouTube,GlowMetric_Q1_2025,GlowMetric,ShaaanXO,Micro,-306YU9ZEDE,GRWM Makeup &amp; Outfit ♡ Dewy &amp; Fresh Skin w/ Shimmer Taupe Eyes!,2013-11-14,2013-11,Routine,Awareness,2920000,224278,6890,477,,364,7367,0.00252,0.0768,,0.1529,1569.95,0.2131,Weak,Average,0.007,,Long (3-10 min),Average
YouTube,GlowMetric_Q1_2025,GlowMetric,GlitterAndLazers,Mid,sTFkw28rbGg,You’re planting seeds your future will thank you for. 🌻💛 #fitness,2026-03-24,2026-03,Short,Awareness,2330000,1167,86,0,,42,86,4e-05,0.0005,,0.0003,11.67,0.1357,Weak,Weak,0.01,,Short (<1 min),Underperformer
YouTube,GlowMetric_Q1_2025,GlowMetric,GlitterAndLazers,Mid,FMafDfmyj94,You’re writing a beautiful story. Keep turning pages. 📖🌸,2026-03-24,2026-03,Short,Awareness,2330000,2587,179,0,,17,179,8e-05,0.0011,,0.0002,25.87,0.1445,Weak,Weak,0.01,,Short (<1 min),Underperformer
YouTube,GlowMetric_Q1_2025,GlowMetric,GlitterAndLazers,Mid,DBMtvfnC_gA,Stay focused. Stay working. Stay winning. #fitness,2026-03-24,2026-03,Short,Awareness,2330000,3331,172,0,,15,172,7e-05,0.0014,,0.0002,33.31,0.1937,Weak,Weak,0.01,,Short (<1 min),Underperformer
YouTube,GlowMetric_Q1_2025,GlowMetric,GlitterAndLazers,Mid,pf_CjyuRoKk,Every rep makes you stronger. #fitness,2026-03-23,2026-03,Short,Awareness,2330000,5228,207,0,,20,207,9e-05,0.0022,,0.0003,52.28,0.2526,Weak,Weak,0.01,,Short (<1 min),Underperformer
YouTube,GlowMetric_Q1_2025,GlowMetric,GlitterAndLazers,Mid,-2lCgZ6tKdw,Hard work fuels big dreams. #fitness,2026-03-23,2026-03,Short,Awareness,2330000,8456,232,0,,15,232,0.0001,0.0036,,0.0003,84.56,0.3645,Weak,Weak,0.01,,Short (<1 min),Underperformer
YouTube,GlowMetric_Q1_2025,GlowMetric,GlitterAndLazers,Mid,OvTJdAJUWWw,Smiling looks so good on you. Wear it often. 😄💐 #positivemindset,2026-03-23,2026-03,Short,Awareness,2330000,6840,262,0,,8,262,0.00011,0.0029,,0.0001,68.4,0.2611,Weak,Weak,0.01,,Short (<1 min),Underperformer
YouTube,GlowMetric_Q1_2025,GlowMetric,GlitterAndLazers,Mid,HhsXIOR531Y,"Visiting One Medical, I was surprised to see how calm it was! #Ad @Onemedical #AmazonOneMedical",2026-03-23,2026-03,Short,Awareness,2330000,8001,267,6,,48,273,0.00012,0.0034,,0.001,80.01,0.2931,Weak,Weak,0.01,,Short (<1 min),Underperformer
YouTube,GlowMetric_Q1_2025,GlowMetric,GlitterAndLazers,Mid,is-n6x_KtnU,Courage starts with showing up. And you did. 👏🌻#fitness,2026-03-22,2026-03,Short,Awareness,2330000,5142,205,0,,34,205,9e-05,0.0022,,0.0005,51.42,0.2508,Weak,Weak,0.01,,Short (<1 min),Underperformer
YouTube,GlowMetric_Q1_2025,GlowMetric,GlitterAndLazers,Mid,voBdsQb0hcw,You glow differently when you’re confident. Shine on. ✨💃,2026-03-22,2026-03,Short,Awareness,2330000,12167,538,0,,14,538,0.00023,0.0052,,0.0005,121.67,0.2262,Weak,Weak,0.01,,Short (<1 min),Underperformer
YouTube,GlowMetric_Q1_2025,GlowMetric,GlitterAndLazers,Mid,tRRUzPkavhc,Hard work turns dreams into plans. #fitness,2026-03-22,2026-03,Short,Awareness,2330000,8907,338,0,,35,338,0.00015,0.0038,,0.0009,89.07,0.2635,Weak,Weak,0.01,,Short (<1 min),Underperformer
YouTube,GlowMetric_Q1_2025,GlowMetric,GlitterAndLazers,Mid,SZ6zvdVHndY,"Dream big, start small, stay consistent. Magic will follow. 🪄💫 #fitness",2026-03-21,2026-03,Short,Awareness,2330000,15680,449,0,,32,449,0.00019,0.0067,,0.001,156.8,0.3492,Weak,Weak,0.01,,Short (<1 min),Underperformer
YouTube,GlowMetric_Q1_2025,GlowMetric,GlitterAndLazers,Mid,mfhC7Sp38PY,"For my final surgery with Advanced Lipedema Treatment, I went to their Utah center! #ALTAmbassador",2025-04-22,2025-04,Short,Awareness,2330000,83361,1232,0,,19,1232,0.00053,0.0358,,0.0017,833.61,0.6766,Weak,Weak,0.01,,Short (<1 min),Underperformer
YouTube,GlowMetric_Q1_2025,GlowMetric,GlitterAndLazers,Mid,K0Ht7dusPB0,Jump squats in the house. Say what??? PT exercises to work on my progress. #physicaltherapy #running,2024-02-06,2024-02,Short,Awareness,2330000,127354,4891,222,,14,5113,0.00219,0.0547,,0.0051,1273.54,0.2491,Weak,Average,0.01,,Short (<1 min),Average
YouTube,GlowMetric_Q1_2025,GlowMetric,GlitterAndLazers,Mid,oRQ1EfsX46g,Ooh la la,2021-11-13,2021-11,Short,Awareness,2330000,252976,10069,222,,11,10291,0.00442,0.1086,,0.0081,2529.76,0.2458,Weak,Average,0.01,,Short (<1 min),Average
YouTube,GlowMetric_Q1_2025,GlowMetric,GlitterAndLazers,Mid,slx42iKbCwg,Our Twinning Plus Size Disney Lewks,2021-09-12,2021-09,Short,Awareness,2330000,28967149,341995,2557,,10,344552,0.14788,12.4323,,0.2465,289671.49,0.8407,Strong,Strong,0.01,,Short (<1 min),Top Performer
YouTube,GlowMetric_Q1_2025,GlowMetric,AlexandrasGirly,Mid,5fECPfnoEaU,I had an idea...😈 MIXING MAKEUP for the GLOWIEST GLOW,2026-03-24,2026-03,Vlog/Other,Awareness,1420000,2634,311,51,,773,362,0.00025,0.0019,,0.0322,26.34,0.0728,Weak,Weak,0.01,,Deep (10+ min),Underperformer
YouTube,GlowMetric_Q1_2025,GlowMetric,AlexandrasGirly,Mid,a5ilw365ys4,Don&#39;t let Office Air RUIN your Makeup,2026-03-21,2026-03,Vlog/Other,Awareness,1420000,8410,632,117,,755,749,0.00053,0.0059,,0.0667,84.1,0.1123,Weak,Weak,0.01,,Deep (10+ min),Underperformer
YouTube,GlowMetric_Q1_2025,GlowMetric,AlexandrasGirly,Mid,QuPwwYkvbpQ,So NARS has a new foundation…,2026-03-10,2026-03,Vlog/Other,Awareness,1420000,25946,1530,372,,1549,1902,0.00134,0.0183,,0.3459,259.46,0.1364,Weak,Weak,0.01,,Deep (10+ min),Underperformer
YouTube,GlowMetric_Q1_2025,GlowMetric,AlexandrasGirly,Mid,bDi4PeBVTUI,STOP. Before you buy ANOTHER foundation...,2026-03-09,2026-03,Vlog/Other,Awareness,1420000,29561,1468,43,,88,1511,0.00106,0.0208,,0.0155,295.61,0.1956,Weak,Weak,0.01,,Medium (1-3 min),Underperformer
YouTube,GlowMetric_Q1_2025,GlowMetric,AlexandrasGirly,Mid,kJD5u2g_f8A,DON’T buy another foundation,2026-03-07,2026-03,Vlog/Other,Awareness,1420000,45729,2801,357,,698,3158,0.00222,0.0322,,0.2583,457.29,0.1448,Weak,Weak,0.01,,Deep (10+ min),Underperformer
YouTube,GlowMetric_Q1_2025,GlowMetric,AlexandrasGirly,Mid,nzTTqic7l50,This is why your eye makeup looks “WRONG”,2026-02-17,2026-02,Vlog/Other,Awareness,1420000,68363,4647,370,,1459,5017,0.00353,0.0481,,0.8584,683.63,0.1363,Weak,Weak,0.01,,Deep (10+ min),Underperformer
YouTube,GlowMetric_Q1_2025,GlowMetric,AlexandrasGirly,Mid,GMJuj327VbQ,2 NEW Olive Complexion Products? ,2026-01-31,2026-01,Vlog/Other,Awareness,1420000,23350,1244,187,,2147,1431,0.00101,0.0164,,0.3614,233.5,0.1632,Weak,Weak,0.01,,Deep (10+ min),Underperformer
YouTube,GlowMetric_Q1_2025,GlowMetric,AlexandrasGirly,Mid,AChdbdQlfeA,Trying new makeup! Self adhesive lashes? 🤔,2026-01-30,2026-01,Vlog/Other,Awareness,1420000,17468,391,21,,11066,412,0.00029,0.0123,,0.5349,174.68,0.424,Weak,Weak,0.01,,Deep (10+ min),Underperformer
YouTube,GlowMetric_Q1_2025,GlowMetric,AlexandrasGirly,Mid,SyLM4nH_bRQ,I finished a bunch of stuff. Let&#39;s see if they were worth it 🥲,2026-01-20,2026-01,Review,Consideration,1420000,49891,2457,402,,1580,2859,0.00201,0.0351,,0.5293,498.91,0.1745,Weak,Weak,0.01,,Deep (10+ min),Underperformer
YouTube,GlowMetric_Q1_2025,GlowMetric,AlexandrasGirly,Mid,DzAZxE2vlRw,I guess it&#39;s a hot take,2026-01-16,2026-01,Vlog/Other,Awareness,1420000,44137,1807,80,,72,1887,0.00133,0.0311,,0.016,441.37,0.2339,Weak,Weak,0.01,,Medium (1-3 min),Underperformer
YouTube,GlowMetric_Q1_2025,GlowMetric,AlexandrasGirly,Mid,J3XdCA7ap90,My TOP Lip Products of 2025 ayyyyyyeee!,2026-01-13,2026-01,Vlog/Other,Awareness,1420000,27426,1627,165,,1273,1792,0.00126,0.0193,,0.2673,274.26,0.153,Weak,Weak,0.01,,Deep (10+ min),Underperformer
YouTube,GlowMetric_Q1_2025,GlowMetric,AlexandrasGirly,Mid,kuhaqA0tnsQ,Cover your dark circles for only $5!,2026-01-10,2026-01,Short,Awareness,1420000,654286,3220,137,,21,3357,0.00236,0.4608,,0.0083,6542.86,1.949,Weak,Strong,0.01,,Short (<1 min),Strong
YouTube,GlowMetric_Q1_2025,GlowMetric,AlexandrasGirly,Mid,nXF5wDsW-vo,My Top Tips for Flawless Under Eyes | Prevent Wrinkle Creasing,2025-12-23,2025-12,Vlog/Other,Awareness,1420000,41168,2352,141,,1845,2493,0.00176,0.029,,0.5412,411.68,0.1651,Weak,Weak,0.01,,Deep (10+ min),Underperformer
YouTube,GlowMetric_Q1_2025,GlowMetric,AlexandrasGirly,Mid,j_aBlfuG2vY,Holiday Glam using ALL Drugstore Makeup,2025-12-18,2025-12,Vlog/Other,Awareness,1420000,32984,1855,200,,3795,2055,0.00145,0.0232,,0.9171,329.84,0.1605,Weak,Weak,0.01,,Deep (10+ min),Underperformer
YouTube,GlowMetric_Q1_2025,GlowMetric,AlexandrasGirly,Mid,6WCdlXUbZCU,A chill hang,2025-12-17,2025-12,Vlog/Other,Awareness,1420000,6689,253,24,,4079,277,0.0002,0.0047,,0.136,66.89,0.2415,Weak,Weak,0.01,,Deep (10+ min),Underperformer
YouTube,GlowMetric_Q1_2025,GlowMetric,CassieTrayna,Nano,8CKleFvzrGg,Hair growth rinse#skincare #skincareroutine #skincaretips #hairgrowth,2026-03-24,2026-03,Routine,Awareness,79100,1281,72,0,,61,72,0.00091,0.0162,,0.0093,5.12,0.0711,Weak,Weak,0.003997,,Medium (1-3 min),Underperformer
YouTube,GlowMetric_Q1_2025,GlowMetric,CassieTrayna,Nano,8K47qj1MTa0,Hair growth oil #longhairgrowthtips#beauty #hairgrowthoilintamil#haircare #hairgrowth#hairgrowthtips,2026-03-24,2026-03,Vlog/Other,Awareness,79100,5779,267,35,,69,302,0.00382,0.0731,,0.0439,23.12,0.0766,Weak,Average,0.004001,,Medium (1-3 min),Average
YouTube,GlowMetric_Q1_2025,GlowMetric,CassieTrayna,Nano,zWZnnqgr1Ww,How to make scalp detox for hair growth #body #haircare #hairgrowthoilintamil #hairgrowth,2026-03-22,2026-03,Tutorial,Consideration,79100,15105,677,42,,61,719,0.00909,0.191,,0.0924,60.42,0.084,Weak,Strong,0.004,,Medium (1-3 min),Strong
YouTube,GlowMetric_Q1_2025,GlowMetric,CassieTrayna,Nano,IZm1diMiTS8,Fast hair growth Hair rinse #body #haircare #longhairgrowthtips #beauty,2026-03-22,2026-03,Vlog/Other,Awareness,79100,1223,86,9,,71,95,0.0012,0.0155,,0.0142,4.89,0.0515,Weak,Weak,0.003998,,Medium (1-3 min),Underperformer
YouTube,GlowMetric_Q1_2025,GlowMetric,CassieTrayna,Nano,JsN-0DsnMB4,Vitamin c serum for glowing skin #body #skincare #beauty #vitaminc #antiagingserum #glowyskin #serum,2026-03-21,2026-03,Vlog/Other,Awareness,79100,6036,346,3,,61,349,0.00441,0.0763,,0.0448,24.14,0.0692,Weak,Average,0.003999,,Medium (1-3 min),Average
YouTube,GlowMetric_Q1_2025,GlowMetric,CassieTrayna,Nano,3Zh4mU6wBew,Rice water for fasterhair growth #longhairgrowthtips#hairgrowth #longhairgrowthtips #body,2026-03-21,2026-03,Vlog/Other,Awareness,79100,6460,420,24,,73,444,0.00561,0.0817,,0.0683,25.84,0.0582,Weak,Average,0.004,,Medium (1-3 min),Average
YouTube,GlowMetric_Q1_2025,GlowMetric,CassieTrayna,Nano,9fFZH98E-jk,"Best way to clear dark knuckles,dark elbows very fast using just few ingredients / works faster✅✨",2026-03-19,2026-03,Vlog/Other,Awareness,79100,160,8,5,,772,13,0.00016,0.002,,0.0206,0.64,0.0492,Weak,Weak,0.004,,Deep (10+ min),Underperformer
YouTube,GlowMetric_Q1_2025,GlowMetric,CassieTrayna,Nano,Hp3zsk-P-gE,How to make brightening body Scrub #body #bodyscrub #skincare #beauty #fair #bodysoap #bodycream,2026-03-19,2026-03,Tutorial,Consideration,79100,12592,787,42,,69,829,0.01048,0.1592,,0.1205,50.37,0.0608,Average,Strong,0.004,,Medium (1-3 min),Strong
YouTube,GlowMetric_Q1_2025,GlowMetric,CassieTrayna,Nano,IEfQNJqhSE8,Best hairgrowth oil #hairgrowthoilintamil #longhairgrowthtips hairgrowth#hairgrowthoil,2026-03-14,2026-03,Vlog/Other,Awareness,79100,1636,93,15,,73,108,0.00137,0.0207,,0.0167,6.54,0.0606,Weak,Weak,0.003998,,Medium (1-3 min),Underperformer
YouTube,GlowMetric_Q1_2025,GlowMetric,CassieTrayna,Nano,NDwx8tpkxsY,How to get glassSkin very fast using this #body #skincare #faceglow #undereyegel #hydrating,2026-03-12,2026-03,Short,Awareness,79100,14960,769,7,,57,776,0.00981,0.1891,,0.0932,59.84,0.0771,Weak,Strong,0.004,,Short (<1 min),Strong
YouTube,GlowMetric_Q1_2025,GlowMetric,CassieTrayna,Nano,VM9OvEtL2m4,Avocado hair growth mask#viral #skincare #hairgrowth #hair #hairtransformation,2026-03-06,2026-03,Vlog/Other,Awareness,79100,15268,838,30,,63,868,0.01097,0.193,,0.1152,61.07,0.0704,Average,Strong,0.004,,Medium (1-3 min),Strong
YouTube,GlowMetric_Q1_2025,GlowMetric,CassieTrayna,Nano,r8EKKB2vYXk,Look 10years younger #body #skincare #beauty #fair #longhairgrowthtips,2026-03-02,2026-03,Vlog/Other,Awareness,79100,3657,330,28,,66,358,0.00453,0.0462,,0.0498,14.63,0.0409,Weak,Weak,0.004001,,Medium (1-3 min),Underperformer
YouTube,GlowMetric_Q1_2025,GlowMetric,CassieTrayna,Nano,WQZlW4hgEdg,Best carrot soapRecipe for brighter lighter skin #body #skincare #carrotsoap #shinyskin #cleanskin,2026-03-02,2026-03,Vlog/Other,Awareness,79100,3882,272,21,,61,293,0.0037,0.0491,,0.0376,15.53,0.053,Weak,Weak,0.004001,,Medium (1-3 min),Underperformer
YouTube,GlowMetric_Q1_2025,GlowMetric,CassieTrayna,Nano,6Tdf_-SGW48,Best glow maskFor glowing skin #body #skincare #beauty #fair #glowingskin#glownaturally #healthyglow,2026-02-28,2026-02,Vlog/Other,Awareness,79100,29268,1203,84,,61,1287,0.01627,0.37,,0.1654,117.07,0.091,Average,Strong,0.004,,Medium (1-3 min),Strong
YouTube,GlowMetric_Q1_2025,GlowMetric,CassieTrayna,Nano,8JxbWVy3rV8,Best hair growth oil #body #hairgrowthoilintamil #hairgrowth #hairgrowthtips #hairgrowthoil,2026-02-25,2026-02,Vlog/Other,Awareness,79100,8846,520,71,,62,591,0.00747,0.1118,,0.0772,35.38,0.0599,Weak,Average,0.004,,Medium (1-3 min),Average
YouTube,GlowMetric_Q1_2025,GlowMetric,KathleenLights,Macro,cVdqGWEQ-Mo,FULL FACE CHATTY GRWM - Current go-to foundation routine,2026-03-17,2026-03,Routine,Awareness,4100000,79255,4420,315,,1617,4735,0.00115,0.0193,,0.3099,1109.57,0.2343,Weak,Weak,0.014,,Deep (10+ min),Underperformer
YouTube,GlowMetric_Q1_2025,GlowMetric,KathleenLights,Macro,MgdJOiL6_yg,"EAT WITH ME! Life Update, Work, Books + Anxiety",2025-11-24,2025-11,Vlog/Other,Awareness,4100000,123453,7432,767,,758,8199,0.002,0.0301,,0.2527,1728.34,0.2108,Weak,Weak,0.014,,Deep (10+ min),Underperformer
YouTube,GlowMetric_Q1_2025,GlowMetric,KathleenLights,Macro,GtoP2PEJNmg,I made a perfume with Le Monde Gourmand!!!!,2025-11-08,2025-11,Vlog/Other,Awareness,4100000,41962,3078,348,,701,3426,0.00084,0.0102,,0.0981,587.47,0.1715,Weak,Weak,0.014,,Deep (10+ min),Underperformer
YouTube,GlowMetric_Q1_2025,GlowMetric,KathleenLights,Macro,B9z96sRaneU,"EAT WITH ME- Life, Drama, Books + Movies",2025-05-28,2025-05,Vlog/Other,Awareness,4100000,108012,5494,648,,596,6142,0.0015,0.0263,,0.149,1512.17,0.2462,Weak,Weak,0.014,,Long (3-10 min),Underperformer
YouTube,GlowMetric_Q1_2025,GlowMetric,KathleenLights,Macro,anyd3xOat94,Juicy Tubes were the star of the Y2K era! That juicy scent &amp; shine? Iconic!  #LancômePartner,2025-05-19,2025-05,Short,Awareness,4100000,623755,16779,56,,44,16835,0.00411,0.1521,,0.0301,8732.57,0.5187,Weak,Strong,0.014,,Short (<1 min),Strong
YouTube,GlowMetric_Q1_2025,GlowMetric,KathleenLights,Macro,VnkkduCkbxU,TESTING NEW SPRING MAKEUP - Coquette Inspired look,2025-04-29,2025-04,Test/Rank,Consideration,4100000,81983,3951,208,,1011,4159,0.00101,0.02,,0.1702,1147.76,0.276,Weak,Weak,0.014,,Deep (10+ min),Underperformer
YouTube,GlowMetric_Q1_2025,GlowMetric,KathleenLights,Macro,CkXaQXd6TKc,Makeup I FORGOT I HAD - Shop My Stash!!,2024-10-21,2024-10,Vlog/Other,Awareness,4100000,108437,5796,389,,1223,6185,0.00151,0.0264,,0.3078,1518.12,0.2455,Weak,Weak,0.014,,Deep (10+ min),Underperformer
YouTube,GlowMetric_Q1_2025,GlowMetric,KathleenLights,Macro,tB2aQrpV9Jc,Have you guys watched my newest video? I talk about my TOP 20 Perfumes for FALL 🍂🍁,2024-10-13,2024-10,Short,Awareness,4100000,83319,2538,43,,57,2581,0.00063,0.0203,,0.006,1166.47,0.4519,Weak,Weak,0.014,,Short (<1 min),Underperformer
YouTube,GlowMetric_Q1_2025,GlowMetric,KathleenLights,Macro,D0_1KiBNAsw,September Favorites - the best of the best!!,2024-09-30,2024-09,Vlog/Other,Awareness,4100000,120438,5624,382,,1001,6006,0.00146,0.0294,,0.2436,1686.13,0.2807,Weak,Weak,0.014,,Deep (10+ min),Underperformer
YouTube,GlowMetric_Q1_2025,GlowMetric,KathleenLights,Macro,ezLIrM7DEqE,GRWM using a FULL FACE of Makeup By Mario,2024-09-02,2024-09,Routine,Awareness,4100000,97991,5178,339,,761,5517,0.00135,0.0239,,0.1712,1371.87,0.2487,Weak,Weak,0.014,,Deep (10+ min),Underperformer
YouTube,GlowMetric_Q1_2025,GlowMetric,KathleenLights,Macro,wHL7zDmQyqc,First Impressions - CHIT CHAT GET READY WITH ME,2024-08-05,2024-08,Routine,Awareness,4100000,100584,5332,446,,692,5778,0.00141,0.0245,,0.1626,1408.18,0.2437,Weak,Weak,0.014,,Deep (10+ min),Underperformer
YouTube,GlowMetric_Q1_2025,GlowMetric,KathleenLights,Macro,-E8MWP-xyMg,Products I HATE &amp; stuff I’ve used up,2024-05-31,2024-05,Vlog/Other,Awareness,4100000,125016,7450,355,,645,7805,0.0019,0.0305,,0.2043,1750.22,0.2242,Weak,Weak,0.014,,Deep (10+ min),Underperformer
YouTube,GlowMetric_Q1_2025,GlowMetric,KathleenLights,Macro,5axqxx3WQGU,SHE WAS A FAIRY…. Spring GRWM,2024-02-27,2024-02,Routine,Awareness,4100000,103263,6001,258,,1063,6259,0.00153,0.0252,,0.2711,1445.68,0.231,Weak,Weak,0.014,,Deep (10+ min),Underperformer
YouTube,GlowMetric_Q1_2025,GlowMetric,KathleenLights,Macro,2awvxboqLAo,Trying Frosty “Cold Girl” Makeup!!,2024-02-13,2024-02,Vlog/Other,Awareness,4100000,67061,4182,180,,804,4362,0.00106,0.0164,,0.142,938.85,0.2152,Weak,Weak,0.014,,Deep (10+ min),Underperformer
YouTube,GlowMetric_Q1_2025,GlowMetric,KathleenLights,Macro,59fA5jrX-98,AFFORDABLE GIRLY POP PRINCESS VDAY MAKEUP TUTORIAL,2024-02-03,2024-02,Tutorial,Consideration,4100000,68833,3924,192,,685,4116,0.001,0.0168,,0.1142,963.66,0.2341,Weak,Weak,0.014,,Deep (10+ min),Underperformer
TikTok,GlowMetric_Q1_2025,GlowMetric,HyramYT,Macro,tt_hyramyt_000,Skincare Routine · @hyram,2025-01-22,2025-01,Skincare Routine,Awareness,6800000,1525539,406623,47838,23919.0,30,478380,0.07035,0.2243,0.912,0.3518,16639.05,0.0348,Strong,Weak,0.010907,0.01568,Short (<1 min),Strong
TikTok,GlowMetric_Q1_2025,GlowMetric,HyramYT,Macro,tt_hyramyt_001,Tutorial · @hyram,2025-03-03,2025-03,Tutorial,Consideration,6800000,2401249,325356,38277,19138.0,45,382771,0.05629,0.3531,0.53,0.4222,11577.79,0.0302,Average,Average,0.004822,0.00797,Short (<1 min),Average
TikTok,GlowMetric_Q1_2025,GlowMetric,HyramYT,Macro,tt_hyramyt_002,Product Review · @hyram,2025-02-22,2025-02,Product Review,Consideration,6800000,1914291,327437,38522,19261.0,60,385220,0.05665,0.2815,0.503,0.5665,13765.46,0.0357,Average,Weak,0.007191,0.01006,Medium (1-3 min),Average
TikTok,GlowMetric_Q1_2025,GlowMetric,HyramYT,Macro,tt_hyramyt_003,Skincare Routine · @hyram,2025-02-19,2025-02,Skincare Routine,Awareness,6800000,3478626,557481,65586,32793.0,90,655860,0.09645,0.5116,0.359,1.4467,17087.78,0.0261,Strong,Strong,0.004912,0.00943,Medium (1-3 min),Top Performer
TikTok,GlowMetric_Q1_2025,GlowMetric,HyramYT,Macro,tt_hyramyt_004,Skincare Routine · @hyram,2025-03-13,2025-03,Skincare Routine,Awareness,6800000,7231349,506039,59534,29767.0,30,595340,0.08755,1.0634,0.804,0.4378,18936.09,0.0318,Strong,Strong,0.002619,0.00412,Short (<1 min),Top Performer
TikTok,GlowMetric_Q1_2025,GlowMetric,HyramYT,Macro,tt_hyramyt_005,Product Review · @hyram,2025-02-10,2025-02,Product Review,Consideration,6800000,2644534,480086,56480,28240.0,60,564806,0.08306,0.3889,0.558,0.8306,18645.03,0.033,Strong,Average,0.00705,0.01068,Medium (1-3 min),Strong
TikTok,GlowMetric_Q1_2025,GlowMetric,HyramYT,Macro,tt_hyramyt_006,GRWM · @hyram,2025-02-04,2025-02,GRWM,Awareness,6800000,2338911,328593,38658,19329.0,45,386580,0.05685,0.344,0.605,0.4264,10460.04,0.0271,Average,Average,0.004472,0.00826,Short (<1 min),Average
TikTok,GlowMetric_Q1_2025,GlowMetric,HyramYT,Macro,tt_hyramyt_007,GRWM · @hyram,2025-02-17,2025-02,GRWM,Awareness,6800000,1701335,325818,38331,19165.0,120,383314,0.05637,0.2502,0.303,1.1274,14013.67,0.0366,Average,Weak,0.008237,0.01126,Medium (1-3 min),Average
TikTok,GlowMetric_Q1_2025,GlowMetric,HyramYT,Macro,tt_hyramyt_008,Tutorial · @hyram,2025-02-16,2025-02,Tutorial,Consideration,6800000,3480244,557481,65586,32793.0,45,655860,0.09645,0.5118,0.405,0.7234,23869.5,0.0364,Strong,Strong,0.006859,0.00942,Short (<1 min),Top Performer
TikTok,GlowMetric_Q1_2025,GlowMetric,HyramYT,Macro,tt_hyramyt_009,Tutorial · @hyram,2025-02-11,2025-02,Tutorial,Consideration,6800000,4328729,394022,46355,23177.0,60,463554,0.06817,0.6366,0.371,0.6817,16255.64,0.0351,Strong,Strong,0.003755,0.00535,Medium (1-3 min),Top Performer
TikTok,GlowMetric_Q1_2025,GlowMetric,HyramYT,Macro,tt_hyramyt_010,Skincare Routine · @hyram,2025-01-15,2025-01,Skincare Routine,Awareness,6800000,2323729,477428,56168,28084.0,60,561680,0.0826,0.3417,0.489,0.826,18555.3,0.033,Strong,Average,0.007985,0.01209,Medium (1-3 min),Strong
TikTok,GlowMetric_Q1_2025,GlowMetric,HyramYT,Macro,tt_hyramyt_011,Skincare Routine · @hyram,2025-01-28,2025-01,Skincare Routine,Awareness,6800000,2186355,337436,39698,19849.0,30,396983,0.05838,0.3215,0.826,0.2919,12928.55,0.0326,Average,Average,0.005913,0.00908,Short (<1 min),Average
TikTok,GlowMetric_Q1_2025,GlowMetric,HyramYT,Macro,tt_hyramyt_012,Product Review · @hyram,2025-01-01,2025-01,Product Review,Consideration,6800000,2073977,384254,45206,22603.0,30,452063,0.06648,0.305,0.803,0.3324,13486.49,0.0298,Strong,Average,0.006503,0.0109,Short (<1 min),Strong
TikTok,GlowMetric_Q1_2025,GlowMetric,HyramYT,Macro,tt_hyramyt_013,Product Review · @hyram,2025-02-06,2025-02,Product Review,Consideration,6800000,2679281,339979,39997,19998.0,15,399974,0.05882,0.394,0.483,0.1471,13058.76,0.0326,Average,Average,0.004874,0.00746,Short (<1 min),Average
TikTok,GlowMetric_Q1_2025,GlowMetric,HyramYT,Macro,tt_hyramyt_014,Skincare Routine · @hyram,2025-03-03,2025-03,Skincare Routine,Awareness,6800000,1823351,330211,38848,19424.0,45,388483,0.05713,0.2681,0.402,0.4285,14556.57,0.0375,Average,Weak,0.007983,0.01065,Short (<1 min),Average
TikTok,GlowMetric_Q1_2025,GlowMetric,DrDrayzday,Macro,tt_drdrayzday_000,Haul · @drdrayzday,2025-02-23,2025-02,Haul,Engagement,950000,330041,27737,3263,1631.0,45,32631,0.03435,0.3474,0.555,0.2576,1463.72,0.0449,Weak,Average,0.004435,0.00494,Short (<1 min),Average
TikTok,GlowMetric_Q1_2025,GlowMetric,DrDrayzday,Macro,tt_drdrayzday_001,Skincare Routine · @drdrayzday,2025-03-09,2025-03,Skincare Routine,Awareness,950000,589954,68467,8055,4027.0,60,80549,0.08479,0.621,0.739,0.8479,1866.59,0.0232,Strong,Strong,0.003164,0.00683,Medium (1-3 min),Top Performer
TikTok,GlowMetric_Q1_2025,GlowMetric,DrDrayzday,Macro,tt_drdrayzday_002,Skincare Routine · @drdrayzday,2025-01-16,2025-01,Skincare Routine,Awareness,950000,444865,44937,5286,2643.0,60,52866,0.05565,0.4683,0.546,0.5565,1693.05,0.032,Average,Average,0.003806,0.00594,Medium (1-3 min),Average
TikTok,GlowMetric_Q1_2025,GlowMetric,DrDrayzday,Macro,tt_drdrayzday_003,Skincare Routine · @drdrayzday,2025-03-12,2025-03,Skincare Routine,Awareness,950000,658050,65262,7677,3838.0,15,76777,0.08082,0.6927,0.571,0.202,2404.69,0.0313,Strong,Strong,0.003654,0.00583,Short (<1 min),Top Performer
TikTok,GlowMetric_Q1_2025,GlowMetric,DrDrayzday,Macro,tt_drdrayzday_004,Tutorial · @drdrayzday,2025-01-23,2025-01,Tutorial,Consideration,950000,426178,48587,5716,2858.0,30,57161,0.06017,0.4486,0.64,0.3008,1688.42,0.0295,Strong,Average,0.003962,0.00671,Short (<1 min),Strong
TikTok,GlowMetric_Q1_2025,GlowMetric,DrDrayzday,Macro,tt_drdrayzday_005,Tutorial · @drdrayzday,2025-01-01,2025-01,Tutorial,Consideration,950000,258887,44388,5222,2611.0,180,52221,0.05497,0.2725,0.294,1.6491,1648.0,0.0316,Average,Weak,0.006366,0.01009,Long (3-10 min),Average
TikTok,GlowMetric_Q1_2025,GlowMetric,DrDrayzday,Macro,tt_drdrayzday_006,Trending Sound · @drdrayzday,2025-01-03,2025-01,Trending Sound,Engagement,950000,368924,74031,8709,4354.0,45,87094,0.09168,0.3883,0.668,0.6876,2370.61,0.0272,Strong,Average,0.006426,0.0118,Short (<1 min),Strong
TikTok,GlowMetric_Q1_2025,GlowMetric,DrDrayzday,Macro,tt_drdrayzday_007,Trending Sound · @drdrayzday,2025-03-30,2025-03,Trending Sound,Engagement,950000,480538,57534,6768,3384.0,120,67686,0.07125,0.5058,0.432,1.425,2743.96,0.0405,Strong,Strong,0.00571,0.00704,Medium (1-3 min),Top Performer
TikTok,GlowMetric_Q1_2025,GlowMetric,DrDrayzday,Macro,tt_drdrayzday_008,Tutorial · @drdrayzday,2025-02-02,2025-02,Tutorial,Consideration,950000,701309,56944,6699,3349.0,90,66992,0.07052,0.7382,0.424,1.0578,1799.72,0.0269,Strong,Strong,0.002566,0.00478,Medium (1-3 min),Top Performer
TikTok,GlowMetric_Q1_2025,GlowMetric,DrDrayzday,Macro,tt_drdrayzday_009,GRWM · @drdrayzday,2025-02-28,2025-02,GRWM,Awareness,950000,569015,40924,4814,2407.0,90,48145,0.05068,0.599,0.405,0.7602,1124.65,0.0234,Average,Strong,0.001976,0.00423,Medium (1-3 min),Strong
TikTok,GlowMetric_Q1_2025,GlowMetric,DrDrayzday,Macro,tt_drdrayzday_010,Skincare Routine · @drdrayzday,2025-01-28,2025-01,Skincare Routine,Awareness,950000,472533,49402,5812,2906.0,60,58120,0.06118,0.4974,0.551,0.6118,2240.66,0.0386,Strong,Average,0.004742,0.00615,Medium (1-3 min),Strong
TikTok,GlowMetric_Q1_2025,GlowMetric,DrDrayzday,Macro,tt_drdrayzday_011,Trending Sound · @drdrayzday,2025-02-15,2025-02,Trending Sound,Engagement,950000,331876,41109,4836,2418.0,60,48363,0.05091,0.3493,0.549,0.5091,1542.73,0.0319,Average,Average,0.004649,0.00729,Medium (1-3 min),Average
TikTok,GlowMetric_Q1_2025,GlowMetric,DrDrayzday,Macro,tt_drdrayzday_012,Haul · @drdrayzday,2025-03-28,2025-03,Haul,Engagement,950000,316393,50719,5966,2983.0,180,59668,0.06281,0.333,0.335,1.8843,1473.74,0.0247,Strong,Average,0.004658,0.00943,Long (3-10 min),Strong
TikTok,GlowMetric_Q1_2025,GlowMetric,DrDrayzday,Macro,tt_drdrayzday_013,Product Review · @drdrayzday,2025-01-23,2025-01,Product Review,Consideration,950000,194431,29659,3489,1744.0,90,34892,0.03673,0.2047,0.418,0.5509,919.85,0.0264,Weak,Weak,0.004731,0.00897,Medium (1-3 min),Underperformer
TikTok,GlowMetric_Q1_2025,GlowMetric,DrDrayzday,Macro,tt_drdrayzday_014,Product Review · @drdrayzday,2025-02-11,2025-02,Product Review,Consideration,950000,383659,51187,6022,3011.0,90,60220,0.06339,0.4039,0.329,0.9508,2296.85,0.0381,Strong,Average,0.005987,0.00785,Medium (1-3 min),Strong
TikTok,GlowMetric_Q1_2025,GlowMetric,NikkieTutorials,Mega,tt_nikkietutorials_000,Trending Sound · @nikkietutorials,2025-01-16,2025-01,Trending Sound,Engagement,14200000,3838698,1685575,198303,99151.0,90,1983029,0.13965,0.2703,0.464,2.0948,96594.86,0.0487,Strong,Weak,0.025163,0.02583,Medium (1-3 min),Strong
TikTok,GlowMetric_Q1_2025,GlowMetric,NikkieTutorials,Mega,tt_nikkietutorials_001,GRWM · @nikkietutorials,2025-03-03,2025-03,GRWM,Awareness,14200000,1673456,856728,100791,50395.0,90,1007914,0.07098,0.1178,0.331,1.0647,39539.39,0.0392,Strong,Weak,0.023627,0.03011,Medium (1-3 min),Strong
TikTok,GlowMetric_Q1_2025,GlowMetric,NikkieTutorials,Mega,tt_nikkietutorials_002,Duet/Stitch · @nikkietutorials,2025-01-05,2025-01,Duet/Stitch,Engagement,14200000,2586592,779601,91717,45858.0,30,917176,0.06459,0.1822,0.91,0.3229,39271.39,0.0428,Strong,Weak,0.015183,0.01773,Short (<1 min),Strong
TikTok,GlowMetric_Q1_2025,GlowMetric,NikkieTutorials,Mega,tt_nikkietutorials_003,Trending Sound · @nikkietutorials,2025-01-19,2025-01,Trending Sound,Engagement,14200000,2689366,465902,54812,27406.0,90,548120,0.0386,0.1894,0.374,0.579,21401.82,0.039,Weak,Weak,0.007958,0.01019,Medium (1-3 min),Underperformer
TikTok,GlowMetric_Q1_2025,GlowMetric,NikkieTutorials,Mega,tt_nikkietutorials_004,Product Review · @nikkietutorials,2025-02-17,2025-02,Product Review,Consideration,14200000,2294205,712130,83780,41890.0,30,837800,0.059,0.1616,0.67,0.295,31902.82,0.0381,Average,Weak,0.013906,0.01826,Short (<1 min),Average
TikTok,GlowMetric_Q1_2025,GlowMetric,NikkieTutorials,Mega,tt_nikkietutorials_005,Haul · @nikkietutorials,2025-03-08,2025-03,Haul,Engagement,14200000,3481763,780687,91845,45922.0,90,918454,0.06468,0.2452,0.487,0.9702,35987.34,0.0392,Strong,Weak,0.010336,0.01319,Medium (1-3 min),Strong
TikTok,GlowMetric_Q1_2025,GlowMetric,NikkieTutorials,Mega,tt_nikkietutorials_006,Skincare Routine · @nikkietutorials,2025-02-02,2025-02,Skincare Routine,Awareness,14200000,2841003,885093,104128,52064.0,30,1041285,0.07333,0.2001,0.443,0.3667,37504.73,0.036,Strong,Weak,0.013201,0.01833,Short (<1 min),Strong
TikTok,GlowMetric_Q1_2025,GlowMetric,NikkieTutorials,Mega,tt_nikkietutorials_007,Tutorial · @nikkietutorials,2025-03-10,2025-03,Tutorial,Consideration,14200000,2743833,609414,71695,35847.0,15,716956,0.05049,0.1932,0.72,0.1262,33727.69,0.047,Average,Weak,0.012292,0.01306,Short (<1 min),Average
TikTok,GlowMetric_Q1_2025,GlowMetric,NikkieTutorials,Mega,tt_nikkietutorials_008,Duet/Stitch · @nikkietutorials,2025-02-02,2025-02,Duet/Stitch,Engagement,14200000,3584939,748581,88068,44034.0,90,880683,0.06202,0.2525,0.425,0.9303,48519.01,0.0551,Strong,Weak,0.013534,0.01228,Medium (1-3 min),Strong
TikTok,GlowMetric_Q1_2025,GlowMetric,NikkieTutorials,Mega,tt_nikkietutorials_009,Duet/Stitch · @nikkietutorials,2025-01-08,2025-01,Duet/Stitch,Engagement,14200000,2939972,687990,80940,40470.0,180,809400,0.057,0.207,0.353,1.71,35070.04,0.0433,Average,Weak,0.011929,0.01377,Long (3-10 min),Average
TikTok,GlowMetric_Q1_2025,GlowMetric,NikkieTutorials,Mega,tt_nikkietutorials_010,Tutorial · @nikkietutorials,2025-03-16,2025-03,Tutorial,Consideration,14200000,1903742,434882,51162,25581.0,60,511625,0.03603,0.1341,0.47,0.3603,26218.81,0.0512,Weak,Weak,0.013772,0.01344,Medium (1-3 min),Underperformer
TikTok,GlowMetric_Q1_2025,GlowMetric,NikkieTutorials,Mega,tt_nikkietutorials_011,Tutorial · @nikkietutorials,2025-02-18,2025-02,Tutorial,Consideration,14200000,2428403,665419,78284,39142.0,30,782845,0.05513,0.171,0.805,0.2756,36031.9,0.046,Average,Weak,0.014838,0.01612,Short (<1 min),Average
TikTok,GlowMetric_Q1_2025,GlowMetric,NikkieTutorials,Mega,tt_nikkietutorials_012,GRWM · @nikkietutorials,2025-02-24,2025-02,GRWM,Awareness,14200000,3803686,354737,41733,20866.0,120,417336,0.02939,0.2679,0.302,0.5878,18509.17,0.0444,Weak,Weak,0.004866,0.00549,Medium (1-3 min),Underperformer
TikTok,GlowMetric_Q1_2025,GlowMetric,NikkieTutorials,Mega,tt_nikkietutorials_013,Tutorial · @nikkietutorials,2025-01-12,2025-01,Tutorial,Consideration,14200000,5266182,537235,63204,31602.0,45,632041,0.04451,0.3709,0.531,0.3338,30173.52,0.0477,Average,Average,0.00573,0.006,Short (<1 min),Average
TikTok,GlowMetric_Q1_2025,GlowMetric,NikkieTutorials,Mega,tt_nikkietutorials_014,Trending Sound · @nikkietutorials,2025-01-16,2025-01,Trending Sound,Engagement,14200000,3654396,623656,73371,36685.0,90,733712,0.05167,0.2574,0.311,0.775,18604.74,0.0254,Average,Weak,0.005091,0.01004,Medium (1-3 min),Average
TikTok,GlowMetric_Q1_2025,GlowMetric,WayneGoss,Macro,tt_waynegoss_000,Product Review · @waynegoss,2025-02-26,2025-02,Product Review,Consideration,2100000,491500,72595,8540,4270.0,90,85405,0.04067,0.234,0.427,0.61,2926.17,0.0343,Average,Weak,0.005954,0.00869,Medium (1-3 min),Average
TikTok,GlowMetric_Q1_2025,GlowMetric,WayneGoss,Macro,tt_waynegoss_001,Haul · @waynegoss,2025-01-17,2025-01,Haul,Engagement,2100000,1518285,103101,12129,6064.0,180,121294,0.05776,0.723,0.434,1.7328,4050.58,0.0334,Average,Strong,0.002668,0.00399,Long (3-10 min),Strong
TikTok,GlowMetric_Q1_2025,GlowMetric,WayneGoss,Macro,tt_waynegoss_002,GRWM · @waynegoss,2025-02-06,2025-02,GRWM,Awareness,2100000,618037,114382,13456,6728.0,90,134566,0.06408,0.2943,0.354,0.9612,4319.3,0.0321,Strong,Weak,0.006989,0.01089,Medium (1-3 min),Strong
TikTok,GlowMetric_Q1_2025,GlowMetric,WayneGoss,Macro,tt_waynegoss_003,Duet/Stitch · @waynegoss,2025-01-19,2025-01,Duet/Stitch,Engagement,2100000,825363,118559,13948,6974.0,60,139481,0.06642,0.393,0.671,0.6642,3747.17,0.0269,Strong,Average,0.00454,0.00845,Medium (1-3 min),Strong
TikTok,GlowMetric_Q1_2025,GlowMetric,WayneGoss,Macro,tt_waynegoss_004,Duet/Stitch · @waynegoss,2025-02-27,2025-02,Duet/Stitch,Engagement,2100000,1035805,119362,14042,7021.0,30,140425,0.06687,0.4932,0.688,0.3344,4350.2,0.031,Strong,Average,0.0042,0.00678,Short (<1 min),Strong
TikTok,GlowMetric_Q1_2025,GlowMetric,WayneGoss,Macro,tt_waynegoss_005,Tutorial · @waynegoss,2025-01-25,2025-01,Tutorial,Consideration,2100000,917587,134303,15800,7900.0,90,158003,0.07524,0.4369,0.35,1.1286,3958.45,0.0251,Strong,Average,0.004314,0.00861,Medium (1-3 min),Strong
TikTok,GlowMetric_Q1_2025,GlowMetric,WayneGoss,Macro,tt_waynegoss_006,Skincare Routine · @waynegoss,2025-01-20,2025-01,Skincare Routine,Awareness,2100000,755765,148279,17444,8722.0,180,174445,0.08307,0.3599,0.386,2.4921,4815.74,0.0276,Strong,Average,0.006372,0.01154,Long (3-10 min),Strong
TikTok,GlowMetric_Q1_2025,GlowMetric,WayneGoss,Macro,tt_waynegoss_007,GRWM · @waynegoss,2025-03-28,2025-03,GRWM,Awareness,2100000,555098,85358,10042,5021.0,180,100421,0.04782,0.2643,0.332,1.4346,3913.68,0.039,Average,Weak,0.00705,0.00905,Long (3-10 min),Average
TikTok,GlowMetric_Q1_2025,GlowMetric,WayneGoss,Macro,tt_waynegoss_008,Skincare Routine · @waynegoss,2025-02-27,2025-02,Skincare Routine,Awareness,2100000,1764798,94729,11144,5572.0,45,111445,0.05307,0.8404,0.537,0.398,2819.34,0.0253,Average,Strong,0.001598,0.00316,Short (<1 min),Strong
TikTok,GlowMetric_Q1_2025,GlowMetric,WayneGoss,Macro,tt_waynegoss_009,Skincare Routine · @waynegoss,2025-01-29,2025-01,Skincare Routine,Awareness,2100000,432519,95622,11249,5624.0,60,112495,0.05357,0.206,0.713,0.5357,2787.79,0.0248,Average,Weak,0.006445,0.013,Medium (1-3 min),Average
TikTok,GlowMetric_Q1_2025,GlowMetric,WayneGoss,Macro,tt_waynegoss_010,GRWM · @waynegoss,2025-01-05,2025-01,GRWM,Awareness,2100000,699772,127859,15042,7521.0,60,150422,0.07163,0.3332,0.562,0.7163,5448.01,0.0362,Strong,Average,0.007785,0.01075,Medium (1-3 min),Strong
TikTok,GlowMetric_Q1_2025,GlowMetric,WayneGoss,Macro,tt_waynegoss_011,Skincare Routine · @waynegoss,2025-01-01,2025-01,Skincare Routine,Awareness,2100000,827212,88125,10367,5183.0,45,103675,0.04937,0.3939,0.541,0.3703,3869.66,0.0373,Average,Average,0.004678,0.00627,Short (<1 min),Average
TikTok,GlowMetric_Q1_2025,GlowMetric,WayneGoss,Macro,tt_waynegoss_012,GRWM · @waynegoss,2025-02-22,2025-02,GRWM,Awareness,2100000,842904,175304,20624,10312.0,90,206240,0.09821,0.4014,0.39,1.4732,7216.76,0.035,Strong,Average,0.008562,0.01223,Medium (1-3 min),Strong
TikTok,GlowMetric_Q1_2025,GlowMetric,WayneGoss,Macro,tt_waynegoss_013,Trending Sound · @waynegoss,2025-03-03,2025-03,Trending Sound,Engagement,2100000,648499,90231,10615,5307.0,30,106153,0.05055,0.3088,0.733,0.2528,3554.73,0.0335,Average,Average,0.005481,0.00818,Short (<1 min),Average
TikTok,GlowMetric_Q1_2025,GlowMetric,WayneGoss,Macro,tt_waynegoss_014,Trending Sound · @waynegoss,2025-01-05,2025-01,Trending Sound,Engagement,2100000,182838,125860,14807,7403.0,90,148070,0.07051,0.0871,0.437,1.0576,4214.45,0.0285,Strong,Weak,0.02305,0.04049,Medium (1-3 min),Strong
TikTok,GlowMetric_Q1_2025,GlowMetric,JamieGenevieve,Mid,tt_jamiegenevieve_000,GRWM · @jamiegenevieve,2025-01-14,2025-01,GRWM,Awareness,680000,441307,69608,8189,4094.0,60,81891,0.12043,0.649,0.678,1.2043,1699.25,0.0208,Strong,Strong,0.00385,0.00928,Medium (1-3 min),Top Performer
TikTok,GlowMetric_Q1_2025,GlowMetric,JamieGenevieve,Mid,tt_jamiegenevieve_001,Skincare Routine · @jamiegenevieve,2025-02-21,2025-02,Skincare Routine,Awareness,680000,571134,34200,4023,2011.0,45,40234,0.05917,0.8399,0.628,0.4438,867.13,0.0216,Average,Strong,0.001518,0.00352,Short (<1 min),Strong
TikTok,GlowMetric_Q1_2025,GlowMetric,JamieGenevieve,Mid,tt_jamiegenevieve_002,Product Review · @jamiegenevieve,2025-01-10,2025-01,Product Review,Consideration,680000,336621,51465,6054,3027.0,60,60546,0.08904,0.495,0.636,0.8904,1467.49,0.0242,Strong,Average,0.004359,0.00899,Medium (1-3 min),Strong
TikTok,GlowMetric_Q1_2025,GlowMetric,JamieGenevieve,Mid,tt_jamiegenevieve_003,Product Review · @jamiegenevieve,2025-02-12,2025-02,Product Review,Consideration,680000,334187,29697,3493,1746.0,180,34936,0.05138,0.4915,0.279,1.5414,758.39,0.0217,Average,Average,0.002269,0.00522,Long (3-10 min),Average
TikTok,GlowMetric_Q1_2025,GlowMetric,JamieGenevieve,Mid,tt_jamiegenevieve_004,GRWM · @jamiegenevieve,2025-02-01,2025-02,GRWM,Awareness,680000,240749,56216,6613,3306.0,45,66135,0.09726,0.354,0.545,0.7294,1679.1,0.0254,Strong,Average,0.006974,0.01373,Short (<1 min),Strong
TikTok,GlowMetric_Q1_2025,GlowMetric,JamieGenevieve,Mid,tt_jamiegenevieve_005,GRWM · @jamiegenevieve,2025-02-15,2025-02,GRWM,Awareness,680000,269901,43274,5091,2545.0,30,50910,0.07487,0.3969,0.709,0.3744,958.93,0.0188,Strong,Average,0.003553,0.00943,Short (<1 min),Strong
TikTok,GlowMetric_Q1_2025,GlowMetric,JamieGenevieve,Mid,tt_jamiegenevieve_006,Product Review · @jamiegenevieve,2025-03-04,2025-03,Product Review,Consideration,680000,359055,45500,5352,2676.0,90,53528,0.07872,0.528,0.342,1.1808,1216.03,0.0227,Strong,Strong,0.003387,0.00745,Medium (1-3 min),Top Performer
TikTok,GlowMetric_Q1_2025,GlowMetric,JamieGenevieve,Mid,tt_jamiegenevieve_007,GRWM · @jamiegenevieve,2025-01-28,2025-01,GRWM,Awareness,680000,401620,50210,5907,2953.0,60,59070,0.08687,0.5906,0.547,0.8687,1310.61,0.0222,Strong,Strong,0.003263,0.00735,Medium (1-3 min),Top Performer
TikTok,GlowMetric_Q1_2025,GlowMetric,JamieGenevieve,Mid,tt_jamiegenevieve_008,Product Review · @jamiegenevieve,2025-01-18,2025-01,Product Review,Consideration,680000,525745,35171,4137,2068.0,120,41376,0.06085,0.7732,0.603,1.217,1076.73,0.026,Strong,Strong,0.002048,0.00393,Medium (1-3 min),Top Performer
TikTok,GlowMetric_Q1_2025,GlowMetric,JamieGenevieve,Mid,tt_jamiegenevieve_009,Duet/Stitch · @jamiegenevieve,2025-02-13,2025-02,Duet/Stitch,Engagement,680000,270440,45361,5336,2668.0,45,53365,0.07848,0.3977,0.499,0.5886,998.21,0.0187,Strong,Average,0.003691,0.00987,Short (<1 min),Strong
TikTok,GlowMetric_Q1_2025,GlowMetric,JamieGenevieve,Mid,tt_jamiegenevieve_010,Skincare Routine · @jamiegenevieve,2025-03-27,2025-03,Skincare Routine,Awareness,680000,156582,48141,5663,2831.0,60,56635,0.08329,0.2303,0.809,0.8329,1134.64,0.02,Strong,Weak,0.007246,0.01808,Medium (1-3 min),Strong
TikTok,GlowMetric_Q1_2025,GlowMetric,JamieGenevieve,Mid,tt_jamiegenevieve_011,Tutorial · @jamiegenevieve,2025-02-28,2025-02,Tutorial,Consideration,680000,246992,48806,5741,2870.0,45,57417,0.08444,0.3632,0.678,0.6333,1037.88,0.0181,Strong,Average,0.004202,0.01162,Short (<1 min),Strong
TikTok,GlowMetric_Q1_2025,GlowMetric,JamieGenevieve,Mid,tt_jamiegenevieve_012,Haul · @jamiegenevieve,2025-01-04,2025-01,Haul,Engagement,680000,213754,49101,5776,2888.0,30,57765,0.08495,0.3143,0.672,0.4248,1156.93,0.02,Strong,Average,0.005412,0.01351,Short (<1 min),Strong
TikTok,GlowMetric_Q1_2025,GlowMetric,JamieGenevieve,Mid,tt_jamiegenevieve_013,GRWM · @jamiegenevieve,2025-02-20,2025-02,GRWM,Awareness,680000,514527,51603,6071,3035.0,15,60709,0.08928,0.7567,0.719,0.2232,1429.17,0.0235,Strong,Strong,0.002778,0.0059,Short (<1 min),Top Performer
TikTok,GlowMetric_Q1_2025,GlowMetric,JamieGenevieve,Mid,tt_jamiegenevieve_014,Tutorial · @jamiegenevieve,2025-01-20,2025-01,Tutorial,Consideration,680000,186008,98462,11583,5791.0,90,115836,0.17035,0.2735,0.332,2.5552,2804.59,0.0242,Strong,Weak,0.015078,0.03113,Medium (1-3 min),Strong
TikTok,GlowMetric_Q1_2025,GlowMetric,RachelHigginson,Mid,tt_rachelhigginson_000,GRWM · @rachelhigginson,2025-01-03,2025-01,GRWM,Awareness,420000,125549,37520,4414,2207.0,60,44141,0.1051,0.2989,0.545,1.051,809.79,0.0183,Strong,Weak,0.00645,0.01758,Medium (1-3 min),Strong
TikTok,GlowMetric_Q1_2025,GlowMetric,RachelHigginson,Mid,tt_rachelhigginson_001,Skincare Routine · @rachelhigginson,2025-01-24,2025-01,Skincare Routine,Awareness,420000,181567,39648,4664,2332.0,90,46644,0.11106,0.4323,0.411,1.6659,1273.88,0.0273,Strong,Average,0.007016,0.01284,Medium (1-3 min),Strong
TikTok,GlowMetric_Q1_2025,GlowMetric,RachelHigginson,Mid,tt_rachelhigginson_002,Trending Sound · @rachelhigginson,2025-03-05,2025-03,Trending Sound,Engagement,420000,184660,55442,6522,3261.0,120,65225,0.1553,0.4397,0.42,3.106,1394.8,0.0214,Strong,Average,0.007553,0.01766,Medium (1-3 min),Strong
TikTok,GlowMetric_Q1_2025,GlowMetric,RachelHigginson,Mid,tt_rachelhigginson_003,Duet/Stitch · @rachelhigginson,2025-03-26,2025-03,Duet/Stitch,Engagement,420000,220187,36142,4252,2126.0,90,42520,0.10124,0.5243,0.353,1.5186,876.67,0.0206,Strong,Strong,0.003981,0.00966,Medium (1-3 min),Top Performer
TikTok,GlowMetric_Q1_2025,GlowMetric,RachelHigginson,Mid,tt_rachelhigginson_004,Skincare Routine · @rachelhigginson,2025-03-13,2025-03,Skincare Routine,Awareness,420000,310866,34843,4099,2049.0,45,40991,0.0976,0.7402,0.711,0.732,1020.58,0.0249,Strong,Strong,0.003283,0.00659,Short (<1 min),Top Performer
TikTok,GlowMetric_Q1_2025,GlowMetric,RachelHigginson,Mid,tt_rachelhigginson_005,Skincare Routine · @rachelhigginson,2025-03-07,2025-03,Skincare Routine,Awareness,420000,109300,30027,3532,1766.0,90,35325,0.08411,0.2602,0.3,1.2617,779.02,0.0221,Strong,Weak,0.007127,0.01616,Medium (1-3 min),Strong
TikTok,GlowMetric_Q1_2025,GlowMetric,RachelHigginson,Mid,tt_rachelhigginson_006,Haul · @rachelhigginson,2025-03-05,2025-03,Haul,Engagement,420000,162145,28306,3330,1665.0,120,33301,0.07929,0.3861,0.304,1.5858,869.74,0.0261,Strong,Average,0.005364,0.01027,Medium (1-3 min),Strong
TikTok,GlowMetric_Q1_2025,GlowMetric,RachelHigginson,Mid,tt_rachelhigginson_007,Trending Sound · @rachelhigginson,2025-02-02,2025-02,Trending Sound,Engagement,420000,457029,37749,4441,2220.0,60,44410,0.10574,1.0882,0.636,1.0574,1088.57,0.0245,Strong,Strong,0.002382,0.00486,Medium (1-3 min),Top Performer
TikTok,GlowMetric_Q1_2025,GlowMetric,RachelHigginson,Mid,tt_rachelhigginson_008,GRWM · @rachelhigginson,2025-01-31,2025-01,GRWM,Awareness,420000,422557,33986,3998,1999.0,120,39983,0.0952,1.0061,0.444,1.904,814.84,0.0204,Strong,Strong,0.001928,0.00473,Medium (1-3 min),Top Performer
TikTok,GlowMetric_Q1_2025,GlowMetric,RachelHigginson,Mid,tt_rachelhigginson_009,Product Review · @rachelhigginson,2025-02-14,2025-02,Product Review,Consideration,420000,236153,52029,6121,3060.0,60,61210,0.14574,0.5623,0.374,1.4574,1270.95,0.0208,Strong,Strong,0.005382,0.01296,Medium (1-3 min),Top Performer
TikTok,GlowMetric_Q1_2025,GlowMetric,RachelHigginson,Mid,tt_rachelhigginson_010,Tutorial · @rachelhigginson,2025-03-15,2025-03,Tutorial,Consideration,420000,272541,50544,5946,2973.0,45,59463,0.14158,0.6489,0.469,1.0619,1211.31,0.0204,Strong,Strong,0.004445,0.01091,Short (<1 min),Top Performer
TikTok,GlowMetric_Q1_2025,GlowMetric,RachelHigginson,Mid,tt_rachelhigginson_011,Skincare Routine · @rachelhigginson,2025-03-01,2025-03,Skincare Routine,Awareness,420000,117994,28185,3315,1657.0,60,33157,0.07895,0.2809,0.528,0.7895,682.88,0.0206,Strong,Weak,0.005787,0.01404,Medium (1-3 min),Strong
TikTok,GlowMetric_Q1_2025,GlowMetric,RachelHigginson,Mid,tt_rachelhigginson_012,GRWM · @rachelhigginson,2025-02-05,2025-02,GRWM,Awareness,420000,181518,42561,5007,2503.0,30,50071,0.11922,0.4322,0.685,0.5961,1026.53,0.0205,Strong,Average,0.005655,0.01379,Short (<1 min),Strong
TikTok,GlowMetric_Q1_2025,GlowMetric,RachelHigginson,Mid,tt_rachelhigginson_013,Haul · @rachelhigginson,2025-01-09,2025-01,Haul,Engagement,420000,236206,34636,4074,2037.0,60,40747,0.09702,0.5624,0.504,0.9702,878.67,0.0216,Strong,Strong,0.00372,0.00862,Medium (1-3 min),Top Performer
TikTok,GlowMetric_Q1_2025,GlowMetric,RachelHigginson,Mid,tt_rachelhigginson_014,Trending Sound · @rachelhigginson,2025-01-17,2025-01,Trending Sound,Engagement,420000,160183,40469,4761,2380.0,60,47610,0.11336,0.3814,0.436,1.1336,689.79,0.0145,Strong,Average,0.004306,0.01486,Medium (1-3 min),Strong
TikTok,GlowMetric_Q1_2025,GlowMetric,GlitterandLazers,Mid,tt_glitterandlazers_000,Duet/Stitch · @glitterandlazers,2025-01-26,2025-01,Duet/Stitch,Engagement,310000,205904,17688,2081,1040.0,30,20809,0.06713,0.6642,0.646,0.3356,524.43,0.0252,Strong,Strong,0.002547,0.00505,Short (<1 min),Top Performer
TikTok,GlowMetric_Q1_2025,GlowMetric,GlitterandLazers,Mid,tt_glitterandlazers_001,Tutorial · @glitterandlazers,2025-01-01,2025-01,Tutorial,Consideration,310000,153113,17696,2081,1040.0,30,20817,0.06716,0.4939,0.72,0.3358,468.98,0.0225,Strong,Average,0.003063,0.00679,Short (<1 min),Strong
TikTok,GlowMetric_Q1_2025,GlowMetric,GlitterandLazers,Mid,tt_glitterandlazers_002,Product Review · @glitterandlazers,2025-01-30,2025-01,Product Review,Consideration,310000,292544,18903,2223,1111.0,45,22237,0.07174,0.9437,0.772,0.538,448.88,0.0202,Strong,Strong,0.001534,0.0038,Short (<1 min),Top Performer
TikTok,GlowMetric_Q1_2025,GlowMetric,GlitterandLazers,Mid,tt_glitterandlazers_003,Duet/Stitch · @glitterandlazers,2025-02-07,2025-02,Duet/Stitch,Engagement,310000,258457,20189,2375,1187.0,60,23751,0.07662,0.8337,0.437,0.7662,794.79,0.0335,Strong,Strong,0.003075,0.00459,Medium (1-3 min),Top Performer
TikTok,GlowMetric_Q1_2025,GlowMetric,GlitterandLazers,Mid,tt_glitterandlazers_004,GRWM · @glitterandlazers,2025-02-03,2025-02,GRWM,Awareness,310000,135863,21464,2525,1262.0,90,25251,0.08146,0.4383,0.41,1.2219,531.53,0.021,Strong,Average,0.003912,0.00929,Medium (1-3 min),Strong
TikTok,GlowMetric_Q1_2025,GlowMetric,GlitterandLazers,Mid,tt_glitterandlazers_005,GRWM · @glitterandlazers,2025-03-13,2025-03,GRWM,Awareness,310000,207029,18703,2200,1100.0,90,22003,0.07098,0.6678,0.423,1.0647,408.65,0.0186,Strong,Strong,0.001974,0.00531,Medium (1-3 min),Top Performer
TikTok,GlowMetric_Q1_2025,GlowMetric,GlitterandLazers,Mid,tt_glitterandlazers_006,Trending Sound · @glitterandlazers,2025-03-19,2025-03,Trending Sound,Engagement,310000,208288,21585,2539,1269.0,45,25393,0.08192,0.6719,0.531,0.6144,528.1,0.0208,Strong,Strong,0.002535,0.00609,Short (<1 min),Top Performer
TikTok,GlowMetric_Q1_2025,GlowMetric,GlitterandLazers,Mid,tt_glitterandlazers_007,Duet/Stitch · @glitterandlazers,2025-03-26,2025-03,Duet/Stitch,Engagement,310000,86611,20700,2435,1217.0,30,24352,0.07856,0.2794,0.883,0.3928,601.33,0.0247,Strong,Weak,0.006943,0.01405,Short (<1 min),Strong
TikTok,GlowMetric_Q1_2025,GlowMetric,GlitterandLazers,Mid,tt_glitterandlazers_008,GRWM · @glitterandlazers,2025-01-02,2025-01,GRWM,Awareness,310000,87428,35266,4149,2074.0,120,41489,0.13384,0.282,0.351,2.6768,1068.3,0.0257,Strong,Weak,0.012219,0.02372,Medium (1-3 min),Strong
TikTok,GlowMetric_Q1_2025,GlowMetric,GlitterandLazers,Mid,tt_glitterandlazers_009,GRWM · @glitterandlazers,2025-03-27,2025-03,GRWM,Awareness,310000,140966,29245,3440,1720.0,90,34405,0.11099,0.4547,0.438,1.6648,717.01,0.0208,Strong,Average,0.005086,0.0122,Medium (1-3 min),Strong
TikTok,GlowMetric_Q1_2025,GlowMetric,GlitterandLazers,Mid,tt_glitterandlazers_010,GRWM · @glitterandlazers,2025-03-22,2025-03,GRWM,Awareness,310000,191047,22906,2694,1347.0,60,26947,0.08693,0.6163,0.545,0.8693,484.69,0.018,Strong,Strong,0.002537,0.00705,Medium (1-3 min),Top Performer
TikTok,GlowMetric_Q1_2025,GlowMetric,GlitterandLazers,Mid,tt_glitterandlazers_011,Duet/Stitch · @glitterandlazers,2025-03-28,2025-03,Duet/Stitch,Engagement,310000,99430,31222,3673,1836.0,30,36731,0.11849,0.3207,0.593,0.5924,820.4,0.0223,Strong,Average,0.008251,0.01847,Short (<1 min),Strong
TikTok,GlowMetric_Q1_2025,GlowMetric,GlitterandLazers,Mid,tt_glitterandlazers_012,Trending Sound · @glitterandlazers,2025-03-17,2025-03,Trending Sound,Engagement,310000,292198,28992,3410,1705.0,60,34107,0.11003,0.9426,0.538,1.1003,677.67,0.0199,Strong,Strong,0.002319,0.00584,Medium (1-3 min),Top Performer
TikTok,GlowMetric_Q1_2025,GlowMetric,GlitterandLazers,Mid,tt_glitterandlazers_013,Skincare Routine · @glitterandlazers,2025-02-15,2025-02,Skincare Routine,Awareness,310000,326016,35836,4216,2108.0,90,42160,0.136,1.0517,0.288,2.04,765.54,0.0182,Strong,Strong,0.002348,0.00647,Medium (1-3 min),Top Performer
TikTok,GlowMetric_Q1_2025,GlowMetric,GlitterandLazers,Mid,tt_glitterandlazers_014,GRWM · @glitterandlazers,2025-02-09,2025-02,GRWM,Awareness,310000,148343,23841,2804,1402.0,60,28047,0.09048,0.4785,0.502,0.9048,499.66,0.0178,Strong,Average,0.003368,0.00945,Medium (1-3 min),Strong
TikTok,GlowMetric_Q1_2025,GlowMetric,HouseOfCB,Nano,tt_houseofcb_000,Haul · @houseofcb_beauty,2025-01-22,2025-01,Haul,Engagement,48000,58268,6306,741,370.0,120,7417,0.15456,1.2139,0.411,3.0912,80.15,0.0108,Strong,Strong,0.001376,0.00635,Medium (1-3 min),Top Performer
TikTok,GlowMetric_Q1_2025,GlowMetric,HouseOfCB,Nano,tt_houseofcb_001,Skincare Routine · @houseofcb_beauty,2025-01-26,2025-01,Skincare Routine,Awareness,48000,34315,5559,654,327.0,60,6540,0.13625,0.7149,0.427,1.3625,83.42,0.0128,Strong,Strong,0.002431,0.00953,Medium (1-3 min),Top Performer
TikTok,GlowMetric_Q1_2025,GlowMetric,HouseOfCB,Nano,tt_houseofcb_002,Skincare Routine · @houseofcb_beauty,2025-02-04,2025-02,Skincare Routine,Awareness,48000,28430,3454,406,203.0,90,4063,0.08468,0.5923,0.33,1.2702,63.13,0.0155,Strong,Strong,0.002221,0.00714,Medium (1-3 min),Top Performer
TikTok,GlowMetric_Q1_2025,GlowMetric,HouseOfCB,Nano,tt_houseofcb_003,Trending Sound · @houseofcb_beauty,2025-02-18,2025-02,Trending Sound,Engagement,48000,27958,7896,928,464.0,60,9288,0.19353,0.5825,0.493,1.9353,98.44,0.0106,Strong,Strong,0.003521,0.0166,Medium (1-3 min),Top Performer
TikTok,GlowMetric_Q1_2025,GlowMetric,HouseOfCB,Nano,tt_houseofcb_004,GRWM · @houseofcb_beauty,2025-01-08,2025-01,GRWM,Awareness,48000,41932,5903,694,347.0,30,6944,0.1447,0.8736,0.845,0.7235,77.77,0.0112,Strong,Strong,0.001855,0.00828,Short (<1 min),Top Performer
TikTok,GlowMetric_Q1_2025,GlowMetric,HouseOfCB,Nano,tt_houseofcb_005,Tutorial · @houseofcb_beauty,2025-02-28,2025-02,Tutorial,Consideration,48000,60395,7319,861,430.0,180,8610,0.1794,1.2582,0.396,5.382,105.74,0.0123,Strong,Strong,0.001751,0.00712,Long (3-10 min),Top Performer
TikTok,GlowMetric_Q1_2025,GlowMetric,HouseOfCB,Nano,tt_houseofcb_006,Haul · @houseofcb_beauty,2025-02-17,2025-02,Haul,Engagement,48000,59933,4480,527,263.0,15,5270,0.10981,1.2486,0.612,0.2745,67.89,0.0129,Strong,Strong,0.001133,0.00439,Short (<1 min),Top Performer
TikTok,GlowMetric_Q1_2025,GlowMetric,HouseOfCB,Nano,tt_houseofcb_007,Product Review · @houseofcb_beauty,2025-01-17,2025-01,Product Review,Consideration,48000,56181,5574,655,327.0,30,6556,0.13663,1.1704,0.882,0.6832,48.01,0.0073,Strong,Strong,0.000855,0.00582,Short (<1 min),Top Performer
TikTok,GlowMetric_Q1_2025,GlowMetric,HouseOfCB,Nano,tt_houseofcb_008,Skincare Routine · @houseofcb_beauty,2025-03-28,2025-03,Skincare Routine,Awareness,48000,30677,10701,1259,629.0,120,12589,0.2623,0.6391,0.26,5.246,168.25,0.0134,Strong,Strong,0.005485,0.0205,Medium (1-3 min),Top Performer
TikTok,GlowMetric_Q1_2025,GlowMetric,HouseOfCB,Nano,tt_houseofcb_009,Skincare Routine · @houseofcb_beauty,2025-02-11,2025-02,Skincare Routine,Awareness,48000,77063,5663,666,333.0,45,6662,0.13882,1.6055,0.626,1.0411,76.46,0.0115,Strong,Strong,0.000992,0.00432,Short (<1 min),Top Performer
TikTok,GlowMetric_Q1_2025,GlowMetric,HouseOfCB,Nano,tt_houseofcb_010,Product Review · @houseofcb_beauty,2025-02-08,2025-02,Product Review,Consideration,48000,47861,4550,535,267.0,15,5352,0.11154,0.9971,0.674,0.2789,49.27,0.0092,Strong,Strong,0.001029,0.00558,Short (<1 min),Top Performer
TikTok,GlowMetric_Q1_2025,GlowMetric,HouseOfCB,Nano,tt_houseofcb_011,GRWM · @houseofcb_beauty,2025-03-25,2025-03,GRWM,Awareness,48000,122110,4296,505,252.0,45,5053,0.10531,2.544,0.487,0.7898,53.93,0.0107,Strong,Strong,0.000442,0.00206,Short (<1 min),Top Performer
TikTok,GlowMetric_Q1_2025,GlowMetric,HouseOfCB,Nano,tt_houseofcb_012,Skincare Routine · @houseofcb_beauty,2025-01-25,2025-01,Skincare Routine,Awareness,48000,38309,4409,518,259.0,45,5186,0.10807,0.7981,0.473,0.8105,50.84,0.0098,Strong,Strong,0.001327,0.00676,Short (<1 min),Top Performer
TikTok,GlowMetric_Q1_2025,GlowMetric,HouseOfCB,Nano,tt_houseofcb_013,Haul · @houseofcb_beauty,2025-03-11,2025-03,Haul,Engagement,48000,29501,4044,475,237.0,180,4756,0.09914,0.6146,0.345,2.9742,59.0,0.0124,Strong,Strong,0.002,0.00803,Long (3-10 min),Top Performer
TikTok,GlowMetric_Q1_2025,GlowMetric,HouseOfCB,Nano,tt_houseofcb_014,Trending Sound · @houseofcb_beauty,2025-03-13,2025-03,Trending Sound,Engagement,48000,60247,6592,775,387.0,180,7754,0.16157,1.2551,0.375,4.8471,85.99,0.0111,Strong,Strong,0.001427,0.00642,Long (3-10 min),Top Performer
TikTok,GlowMetric_Q1_2025,GlowMetric,ShaaanXO,Micro,tt_shaaanxo_000,Haul · @shaaanxo,2025-02-10,2025-02,Haul,Engagement,890000,1022042,95984,11292,5646.0,60,112922,0.12688,1.1484,0.5,1.2688,1668.43,0.0148,Strong,Strong,0.001632,0.00552,Medium (1-3 min),Top Performer
TikTok,GlowMetric_Q1_2025,GlowMetric,ShaaanXO,Micro,tt_shaaanxo_001,Tutorial · @shaaanxo,2025-03-03,2025-03,Tutorial,Consideration,890000,525489,73637,8663,4331.0,180,86631,0.09734,0.5904,0.47,2.9202,1272.37,0.0147,Strong,Strong,0.002421,0.00824,Long (3-10 min),Top Performer
TikTok,GlowMetric_Q1_2025,GlowMetric,ShaaanXO,Micro,tt_shaaanxo_002,Trending Sound · @shaaanxo,2025-02-25,2025-02,Trending Sound,Engagement,890000,1567108,78267,9207,4603.0,90,92077,0.10346,1.7608,0.372,1.5519,1744.23,0.0189,Strong,Strong,0.001113,0.00294,Medium (1-3 min),Top Performer
TikTok,GlowMetric_Q1_2025,GlowMetric,ShaaanXO,Micro,tt_shaaanxo_003,Skincare Routine · @shaaanxo,2025-03-20,2025-03,Skincare Routine,Awareness,890000,796412,104427,12285,6142.0,60,122854,0.13804,0.8948,0.536,1.3804,1743.83,0.0142,Strong,Strong,0.00219,0.00771,Medium (1-3 min),Top Performer
TikTok,GlowMetric_Q1_2025,GlowMetric,ShaaanXO,Micro,tt_shaaanxo_004,Tutorial · @shaaanxo,2025-02-27,2025-02,Tutorial,Consideration,890000,652593,65588,7716,3858.0,180,77162,0.0867,0.7333,0.382,2.601,1440.96,0.0187,Strong,Strong,0.002208,0.00591,Long (3-10 min),Top Performer
TikTok,GlowMetric_Q1_2025,GlowMetric,ShaaanXO,Micro,tt_shaaanxo_005,Tutorial · @shaaanxo,2025-02-28,2025-02,Tutorial,Consideration,890000,996453,79387,9339,4669.0,90,93395,0.10494,1.1196,0.448,1.5741,1508.65,0.0162,Strong,Strong,0.001514,0.00469,Medium (1-3 min),Top Performer
TikTok,GlowMetric_Q1_2025,GlowMetric,ShaaanXO,Micro,tt_shaaanxo_006,Tutorial · @shaaanxo,2025-01-07,2025-01,Tutorial,Consideration,890000,783431,95160,11195,5597.0,90,111952,0.12579,0.8803,0.468,1.8868,1974.29,0.0176,Strong,Strong,0.00252,0.00714,Medium (1-3 min),Top Performer
TikTok,GlowMetric_Q1_2025,GlowMetric,ShaaanXO,Micro,tt_shaaanxo_007,Haul · @shaaanxo,2025-02-08,2025-02,Haul,Engagement,890000,971459,62502,7353,3676.0,15,73531,0.08262,1.0915,0.664,0.2066,1294.82,0.0176,Strong,Strong,0.001333,0.00378,Short (<1 min),Top Performer
TikTok,GlowMetric_Q1_2025,GlowMetric,ShaaanXO,Micro,tt_shaaanxo_008,Trending Sound · @shaaanxo,2025-01-17,2025-01,Trending Sound,Engagement,890000,648210,127258,14971,7485.0,15,149714,0.16822,0.7283,0.814,0.4206,1915.83,0.0128,Strong,Strong,0.002956,0.01155,Short (<1 min),Top Performer
TikTok,GlowMetric_Q1_2025,GlowMetric,ShaaanXO,Micro,tt_shaaanxo_009,GRWM · @shaaanxo,2025-03-04,2025-03,GRWM,Awareness,890000,586538,78290,9210,4605.0,45,92105,0.10349,0.659,0.546,0.7762,1402.53,0.0152,Strong,Strong,0.002391,0.00785,Short (<1 min),Top Performer
TikTok,GlowMetric_Q1_2025,GlowMetric,ShaaanXO,Micro,tt_shaaanxo_010,GRWM · @shaaanxo,2025-01-17,2025-01,GRWM,Awareness,890000,872085,88434,10404,5202.0,30,104040,0.1169,0.9799,0.775,0.5845,1520.5,0.0146,Strong,Strong,0.001744,0.00597,Short (<1 min),Top Performer
TikTok,GlowMetric_Q1_2025,GlowMetric,ShaaanXO,Micro,tt_shaaanxo_011,Skincare Routine · @shaaanxo,2025-03-17,2025-03,Skincare Routine,Awareness,890000,528828,82231,9674,4837.0,120,96742,0.1087,0.5942,0.349,2.174,1637.98,0.0169,Strong,Strong,0.003097,0.00915,Medium (1-3 min),Top Performer
TikTok,GlowMetric_Q1_2025,GlowMetric,ShaaanXO,Micro,tt_shaaanxo_012,GRWM · @shaaanxo,2025-02-15,2025-02,GRWM,Awareness,890000,608077,44890,5281,2640.0,90,52811,0.05934,0.6832,0.35,0.8901,1120.45,0.0212,Average,Strong,0.001843,0.00434,Medium (1-3 min),Strong
TikTok,GlowMetric_Q1_2025,GlowMetric,ShaaanXO,Micro,tt_shaaanxo_013,Haul · @shaaanxo,2025-03-25,2025-03,Haul,Engagement,890000,1077265,65747,7734,3867.0,45,77348,0.08691,1.2104,0.59,0.6518,1349.62,0.0174,Strong,Strong,0.001253,0.00359,Short (<1 min),Top Performer
TikTok,GlowMetric_Q1_2025,GlowMetric,ShaaanXO,Micro,tt_shaaanxo_014,Skincare Routine · @shaaanxo,2025-02-26,2025-02,Skincare Routine,Awareness,890000,831139,77692,9140,4570.0,60,91402,0.1027,0.9339,0.458,1.027,1875.96,0.0205,Strong,Strong,0.002257,0.0055,Medium (1-3 min),Top Performer
TikTok,GlowMetric_Q1_2025,GlowMetric,LisaHeldmann,Nano,tt_lisaheldmann_000,Skincare Routine · @lisaheldmann,2025-01-24,2025-01,Skincare Routine,Awareness,62000,88869,5520,649,324.0,90,6493,0.10476,1.4334,0.401,1.5714,68.4,0.0105,Strong,Strong,0.00077,0.00365,Medium (1-3 min),Top Performer
TikTok,GlowMetric_Q1_2025,GlowMetric,LisaHeldmann,Nano,tt_lisaheldmann_001,Trending Sound · @lisaheldmann,2025-03-20,2025-03,Trending Sound,Engagement,62000,68304,8025,944,472.0,30,9441,0.15229,1.1017,0.758,0.7615,111.22,0.0118,Strong,Strong,0.001628,0.00691,Short (<1 min),Top Performer
TikTok,GlowMetric_Q1_2025,GlowMetric,LisaHeldmann,Nano,tt_lisaheldmann_002,Product Review · @lisaheldmann,2025-01-03,2025-01,Product Review,Consideration,62000,48119,5942,699,349.0,90,6990,0.11276,0.7761,0.41,1.6914,73.98,0.0106,Strong,Strong,0.001537,0.00725,Medium (1-3 min),Top Performer
TikTok,GlowMetric_Q1_2025,GlowMetric,LisaHeldmann,Nano,tt_lisaheldmann_003,Product Review · @lisaheldmann,2025-03-27,2025-03,Product Review,Consideration,62000,31542,6874,808,404.0,60,8086,0.13044,0.5087,0.505,1.3044,82.96,0.0103,Strong,Strong,0.00263,0.01281,Medium (1-3 min),Top Performer
TikTok,GlowMetric_Q1_2025,GlowMetric,LisaHeldmann,Nano,tt_lisaheldmann_004,Skincare Routine · @lisaheldmann,2025-02-07,2025-02,Skincare Routine,Awareness,62000,43290,8933,1051,525.0,60,10509,0.16952,0.6982,0.514,1.6952,80.36,0.0076,Strong,Strong,0.001856,0.01213,Medium (1-3 min),Top Performer
TikTok,GlowMetric_Q1_2025,GlowMetric,LisaHeldmann,Nano,tt_lisaheldmann_005,Tutorial · @lisaheldmann,2025-01-17,2025-01,Tutorial,Consideration,62000,64756,7570,890,445.0,15,8905,0.14365,1.0445,0.623,0.3591,97.26,0.0109,Strong,Strong,0.001502,0.00687,Short (<1 min),Top Performer
TikTok,GlowMetric_Q1_2025,GlowMetric,LisaHeldmann,Nano,tt_lisaheldmann_006,Duet/Stitch · @lisaheldmann,2025-01-02,2025-01,Duet/Stitch,Engagement,62000,55487,6780,797,398.0,45,7975,0.12866,0.895,0.657,0.965,79.45,0.01,Strong,Strong,0.001432,0.00717,Short (<1 min),Top Performer
TikTok,GlowMetric_Q1_2025,GlowMetric,LisaHeldmann,Nano,tt_lisaheldmann_007,Trending Sound · @lisaheldmann,2025-01-15,2025-01,Trending Sound,Engagement,62000,32060,6129,721,360.0,180,7210,0.11631,0.5171,0.418,3.4893,68.48,0.0095,Strong,Strong,0.002136,0.01123,Long (3-10 min),Top Performer
TikTok,GlowMetric_Q1_2025,GlowMetric,LisaHeldmann,Nano,tt_lisaheldmann_008,Skincare Routine · @lisaheldmann,2025-01-08,2025-01,Skincare Routine,Awareness,62000,97662,8776,1032,516.0,15,10324,0.16653,1.5752,0.945,0.4163,119.83,0.0116,Strong,Strong,0.001227,0.00528,Short (<1 min),Top Performer
TikTok,GlowMetric_Q1_2025,GlowMetric,LisaHeldmann,Nano,tt_lisaheldmann_009,Duet/Stitch · @lisaheldmann,2025-01-06,2025-01,Duet/Stitch,Engagement,62000,68648,10348,1217,608.0,60,12173,0.19637,1.1072,0.606,1.9637,180.12,0.0148,Strong,Strong,0.002624,0.00886,Medium (1-3 min),Top Performer
TikTok,GlowMetric_Q1_2025,GlowMetric,LisaHeldmann,Nano,tt_lisaheldmann_010,Product Review · @lisaheldmann,2025-02-14,2025-02,Product Review,Consideration,62000,65517,10194,1199,599.0,90,11992,0.19345,1.0567,0.345,2.9018,122.68,0.0102,Strong,Strong,0.001872,0.00914,Medium (1-3 min),Top Performer
TikTok,GlowMetric_Q1_2025,GlowMetric,LisaHeldmann,Nano,tt_lisaheldmann_011,Skincare Routine · @lisaheldmann,2025-02-13,2025-02,Skincare Routine,Awareness,62000,108894,6618,778,389.0,120,7785,0.12559,1.7564,0.349,2.5118,84.59,0.0109,Strong,Strong,0.000777,0.00357,Medium (1-3 min),Top Performer
TikTok,GlowMetric_Q1_2025,GlowMetric,LisaHeldmann,Nano,tt_lisaheldmann_012,Tutorial · @lisaheldmann,2025-03-04,2025-03,Tutorial,Consideration,62000,56654,6920,814,407.0,30,8141,0.13132,0.9138,0.668,0.6566,92.44,0.0114,Strong,Strong,0.001632,0.00718,Short (<1 min),Top Performer
TikTok,GlowMetric_Q1_2025,GlowMetric,LisaHeldmann,Nano,tt_lisaheldmann_013,Trending Sound · @lisaheldmann,2025-03-01,2025-03,Trending Sound,Engagement,62000,87730,7547,887,443.0,60,8877,0.14322,1.415,0.627,1.4322,109.57,0.0123,Strong,Strong,0.001249,0.00505,Medium (1-3 min),Top Performer
TikTok,GlowMetric_Q1_2025,GlowMetric,LisaHeldmann,Nano,tt_lisaheldmann_014,GRWM · @lisaheldmann,2025-03-07,2025-03,GRWM,Awareness,62000,61041,8483,998,499.0,60,9980,0.16098,0.9845,0.541,1.6098,143.39,0.0144,Strong,Strong,0.002349,0.00817,Medium (1-3 min),Top Performer
