platform,creator_handle,channel_name,channel_id,tier,video_id,title,published_at,published_date,content_format,subscriber_count,view_count,like_count,comment_count,share_count,duration_sec,engagement_rate,view_reach_ratio,watch_through_rate,watch_time_index,modeled_spend_usd,cost_per_engagement,tags,campaign,brand
YouTube,NikkieTutorials,NikkieTutorials,UCzTKskwIc_-a0cGvCXA848Q,Mega,2XodIjkjIkQ,is this the BEST nose contour hack?? 😱👀,2026-03-19T18:10:34Z,2026-03-19,Vlog/Other,15000000,2171467,119196,774,,90,0.008,0.1448,,0.12,,,,GlowMetric_Q1_2025,GlowMetric
YouTube,NikkieTutorials,NikkieTutorials,UCzTKskwIc_-a0cGvCXA848Q,Mega,eFkEZF_ySFo,PURPLE Blush for Foundation?! 🫣🔮,2026-03-12T18:14:51Z,2026-03-12,Vlog/Other,15000000,2525810,164773,1131,,96,0.01106,0.1684,,0.177,,,,GlowMetric_Q1_2025,GlowMetric
YouTube,NikkieTutorials,NikkieTutorials,UCzTKskwIc_-a0cGvCXA848Q,Mega,qFIItd-8eRI,this highlighter looks like a RASH! 😱😳,2026-03-04T18:15:53Z,2026-03-04,Vlog/Other,15000000,2082423,118485,960,,95,0.00796,0.1388,,0.126,,,,GlowMetric_Q1_2025,GlowMetric
YouTube,NikkieTutorials,NikkieTutorials,UCzTKskwIc_-a0cGvCXA848Q,Mega,xjzONuy3x4I,the UGLIEST drugstore lipstick ever? 😖,2026-02-08T18:16:27Z,2026-02-08,Vlog/Other,15000000,1413493,90411,3030,,104,0.00623,0.0942,,0.108,,,,GlowMetric_Q1_2025,GlowMetric
YouTube,NikkieTutorials,NikkieTutorials,UCzTKskwIc_-a0cGvCXA848Q,Mega,x0yA86qK-lA,SpongeBob SquarePants CREAM BLUSH?! 🧽🫧,2026-02-02T18:33:58Z,2026-02-02,Vlog/Other,15000000,2439233,140065,864,,92,0.0094,0.1626,,0.1441,,,,GlowMetric_Q1_2025,GlowMetric
YouTube,NikkieTutorials,NikkieTutorials,UCzTKskwIc_-a0cGvCXA848Q,Mega,tGZX5PBaDRg,trying RAINBOW undereyes… again! 🌈🤔✨,2026-01-29T18:15:59Z,2026-01-29,Vlog/Other,15000000,2113766,170506,1428,,110,0.01146,0.1409,,0.2101,,,,GlowMetric_Q1_2025,GlowMetric
YouTube,NikkieTutorials,NikkieTutorials,UCzTKskwIc_-a0cGvCXA848Q,Mega,cwWE2na-UOY,temporary GLITTER eye tattoos?! 🫢👀✨,2025-12-21T18:33:13Z,2025-12-21,Vlog/Other,15000000,2569113,153022,1273,,129,0.01029,0.1713,,0.2212,,,,GlowMetric_Q1_2025,GlowMetric
YouTube,NikkieTutorials,NikkieTutorials,UCzTKskwIc_-a0cGvCXA848Q,Mega,EdfUv0CAG9Y,a matte lipstick that becomes GLITTERY?! 🫢,2025-12-02T18:17:41Z,2025-12-02,Vlog/Other,15000000,5271617,243621,1211,,108,0.01632,0.3514,,0.2938,,,,GlowMetric_Q1_2025,GlowMetric
YouTube,NikkieTutorials,NikkieTutorials,UCzTKskwIc_-a0cGvCXA848Q,Mega,BQKEh3E_Jqo,trying a Marilyn Monroe Halloween Look 🩸,2025-10-28T18:12:50Z,2025-10-28,Vlog/Other,15000000,1785750,107430,919,,78,0.00722,0.1191,,0.0939,,,,GlowMetric_Q1_2025,GlowMetric
YouTube,NikkieTutorials,NikkieTutorials,UCzTKskwIc_-a0cGvCXA848Q,Mega,h5XScKlQymU,a SKINCARE APP for your routine?? 📲🔎,2025-10-16T17:49:23Z,2025-10-16,Routine,15000000,643695,25825,251,,97,0.00174,0.0429,,0.0281,,,,GlowMetric_Q1_2025,GlowMetric
YouTube,NikkieTutorials,NikkieTutorials,UCzTKskwIc_-a0cGvCXA848Q,Mega,X82AxSqjv4E,$250 Louis Vuitton EYESHADOW?! 💀,2025-09-11T17:20:48Z,2025-09-11,Vlog/Other,15000000,3084399,154429,2140,,120,0.01044,0.2056,,0.2088,,,,GlowMetric_Q1_2025,GlowMetric
YouTube,NikkieTutorials,NikkieTutorials,UCzTKskwIc_-a0cGvCXA848Q,Mega,yvN81rlFE7A,Louis Vuitton.. are you serious? 😳 $250 Eyeshadow + $160 Lipstick - THE TRUTH! | NikkieTutorials,2025-09-08T17:00:43Z,2025-09-08,Tutorial,15000000,611158,31430,2427,,1270,0.00226,0.0407,,0.4784,,,first impression|first impressions|review|nikkietutorials|nikkie tutorials|nikkitutorials|nikki tutorials|honest|brutally honest|beauty,GlowMetric_Q1_2025,GlowMetric
YouTube,NikkieTutorials,NikkieTutorials,UCzTKskwIc_-a0cGvCXA848Q,Mega,0M0Yn5DzJgA,trying this CRAZY FULL COVERAGE foundation! 🫢,2025-08-31T17:22:31Z,2025-08-31,Vlog/Other,15000000,7765172,204628,1043,,74,0.01371,0.5177,,0.1691,,,,GlowMetric_Q1_2025,GlowMetric
YouTube,NikkieTutorials,NikkieTutorials,UCzTKskwIc_-a0cGvCXA848Q,Mega,61RIyqJJRSE,finding my “natural unnatural skin color” 🫢🩵,2025-08-18T17:31:40Z,2025-08-18,Vlog/Other,15000000,8038835,550433,3666,,100,0.03694,0.5359,,0.6157,,,,GlowMetric_Q1_2025,GlowMetric
YouTube,NikkieTutorials,NikkieTutorials,UCzTKskwIc_-a0cGvCXA848Q,Mega,lUOPymswhCg,this filter decides my MAKEUP + number of PUMPS! 😱😮‍💨,2025-08-10T17:17:14Z,2025-08-10,Vlog/Other,15000000,24535413,805572,8257,,169,0.05426,1.6357,,1.5283,,,,GlowMetric_Q1_2025,GlowMetric
YouTube,WayneGoss,Wayne Goss,UCCvoAe__WFYMNAEN-C-CtYA,Macro,k1lmzPXHtwI,THE BEAUTY BLENDER MYTH - WATCH AND LEARN!,2026-03-24T18:00:44Z,2026-03-24,Vlog/Other,3960000,3910,1205,87,,109,0.00033,0.001,,0.006,,,Wayne Goss|beauty blender|beauty blender use|best beauty blender|beauty blender dupe|beauty blender hack|clean beauty blender|beauty blender cleaner|dry or wet beauty blender|beauty blender tutorial,GlowMetric_Q1_2025,GlowMetric
YouTube,WayneGoss,Wayne Goss,UCCvoAe__WFYMNAEN-C-CtYA,Macro,WM4GBOdCSfU,IF YOU&#39;RE FOUNDATION LOOKS LIKE THIS - DO THIS!,2026-03-20T18:00:37Z,2026-03-20,Vlog/Other,3960000,25687,2757,114,,96,0.00072,0.0065,,0.0115,,,Wayne Goss|heavy foundation|cakey foundation|flaky foundation|stop cakey foundation|how to avoid cakey foundation|how to fix cakey foundation|why my foundation look cakey|how to stop cakey foundation|how to make foundation not look cakey,GlowMetric_Q1_2025,GlowMetric
YouTube,WayneGoss,Wayne Goss,UCCvoAe__WFYMNAEN-C-CtYA,Macro,_IROcKCTEaY,The Most Pigmented Blusher EVER? Patrick Ta “She’s Left Me On Red” Review!,2025-04-04T17:00:41Z,2025-04-04,Review,3960000,13366,1096,190,,163,0.00032,0.0034,,0.0087,,,YouTube|Beauty|Makeup|Tutorial|wayne goss|Wayne Goss|Patrick Ta|Patrick Ta blush|She's Left Me On Red|Patrick Ta review,GlowMetric_Q1_2025,GlowMetric
YouTube,WayneGoss,Wayne Goss,UCCvoAe__WFYMNAEN-C-CtYA,Macro,MeHe0b3jWSM,18 3  Regular touch ups are important,2023-12-06T03:00:16Z,2023-12-06,Short,3960000,18251,1192,23,,50,0.00031,0.0046,,0.0026,,,YouTube|Beauty|Makeup|Tutorial|wayne goss,GlowMetric_Q1_2025,GlowMetric
YouTube,WayneGoss,Wayne Goss,UCCvoAe__WFYMNAEN-C-CtYA,Macro,BVOEoC3C87Y,THE MASTERCLASS FOUNDATION / CONCEALER,2022-02-03T18:00:09Z,2022-02-03,Vlog/Other,3960000,48086,2617,116,,495,0.00069,0.0121,,0.0569,,,YouTube|Beauty|Makeup|Tutorial|The Masterclass|the masterclass foundation concealer|foundation|concealer|Wayne Goss,GlowMetric_Q1_2025,GlowMetric
YouTube,WayneGoss,Wayne Goss,UCCvoAe__WFYMNAEN-C-CtYA,Macro,ue9dDO2hxBc,URBAN DECAY NAKED SMOKY PALETTE REVIEW / DEMO,2015-07-31T22:00:02Z,2015-07-31,Review,3960000,141169,4728,333,,197,0.00128,0.0356,,0.042,,,wayne goss|makeup|make up|beauty|flawless skin|urban decay|naked palette|new naked palette|naked pallet|naked smoky,GlowMetric_Q1_2025,GlowMetric
YouTube,WayneGoss,Wayne Goss,UCCvoAe__WFYMNAEN-C-CtYA,Macro,dMNpYU4tPkU,THE &#39;NON&#39; INSTAGRAM EYEBROW TUTORIAL,2015-02-21T19:00:30Z,2015-02-21,Tutorial,3960000,526074,16010,1289,,143,0.00437,0.1328,,0.1042,,,gossmakeupartist|eyebrow|eyebrow tutorial|eyebrow dance|eyebrow shaping|eyebrow makeup tutorial|eyebrow shaping tutorial|eyebrow tutorial for beginners|eyebrow waxing|how to eyebrow,GlowMetric_Q1_2025,GlowMetric
YouTube,WayneGoss,Wayne Goss,UCCvoAe__WFYMNAEN-C-CtYA,Macro,bpW9P-vFiTI,TOM FORD LIPSTICK REVIEW,2011-09-06T21:27:28Z,2011-09-06,Review,3960000,77729,1645,278,,164,0.00049,0.0196,,0.0134,,,makeup|makeup advice|makeup tutorial|beauty|gossmakeupartist|makeup artist|easy makeup|beauty ideas|Wayne Goss|tom ford lipstick review,GlowMetric_Q1_2025,GlowMetric
YouTube,Hyram,Hyram,UC2sYit3cZ2CuD_8FHYH7O_Q,Macro,BjY0kjkoI8E,Yerin Ha&#39;s Korean Skin Care Routine Is EVERYTHING 😍,2026-03-22T18:00:08Z,2026-03-22,Routine,4380000,43379,1630,68,,1511,0.00039,0.0099,,0.0982,,,yerin ha|bridgerton|skin care routine|beauty|vogue|reaction|reacts|specialist|korean|kbeauty,GlowMetric_Q1_2025,GlowMetric
YouTube,Hyram,Hyram,UC2sYit3cZ2CuD_8FHYH7O_Q,Macro,MuA2z3MW4hI,Why You Should Stop Using Skin Care,2026-03-08T16:00:35Z,2026-03-08,Vlog/Other,4380000,55935,2374,277,,1056,0.00061,0.0128,,0.1074,,,skin care|stop|problems|how to|fix|sensitive skin,GlowMetric_Q1_2025,GlowMetric
YouTube,Hyram,Hyram,UC2sYit3cZ2CuD_8FHYH7O_Q,Macro,qgKOU2sQ4bo,The Hidden Signs of ADHD I Missed (so they won&#39;t ruin your life too),2026-02-13T22:00:51Z,2026-02-13,Vlog/Other,4380000,17933,1122,172,,2027,0.0003,0.0041,,0.1013,,,hyram|adhd|add|attention deficit|how to|help|symptoms|signs|mental health|tips,GlowMetric_Q1_2025,GlowMetric
YouTube,Hyram,Hyram,UC2sYit3cZ2CuD_8FHYH7O_Q,Macro,UuP2bOy1p3g,Specialist Reacts to Dua Lipa&#39;s Skin Care Routine,2026-02-02T16:57:30Z,2026-02-02,Routine,4380000,23237,1140,97,,1449,0.00028,0.0053,,0.0676,,,dua lipa|skin care|vogue|reaction|beauty|luxury|dua|specialist|funny|reacts,GlowMetric_Q1_2025,GlowMetric
YouTube,Hyram,Hyram,UC2sYit3cZ2CuD_8FHYH7O_Q,Macro,-MJamHpoxp8,10 Things Your Skin Care WON&#39;T Fix (they&#39;re lying to you),2026-01-11T14:00:00Z,2026-01-11,Vlog/Other,4380000,22390,1120,82,,1408,0.00027,0.0051,,0.0634,,,skin care|fix|issues|acne|scars|aging|wrinkles|tiktok|dark circles,GlowMetric_Q1_2025,GlowMetric
YouTube,Hyram,Hyram,UC2sYit3cZ2CuD_8FHYH7O_Q,Macro,20yxQPffF6w,Korean Skin Care to Save Your Skin This Winter ❄️,2025-12-27T01:14:37Z,2025-12-27,Vlog/Other,4380000,25747,953,47,,1373,0.00023,0.0059,,0.0526,,,korean|kbeauty|skin care|winter|dry|redness|dehydrated|skin|recommendations|affordable,GlowMetric_Q1_2025,GlowMetric
YouTube,Hyram,Hyram,UC2sYit3cZ2CuD_8FHYH7O_Q,Macro,gVG9Q-lxxv8,Reacting to &quot;Heated Rivalry&quot; Star Hudson William&#39;s Skin Care Routine 👀,2025-12-25T18:16:53Z,2025-12-25,Routine,4380000,158304,7228,386,,1699,0.00174,0.0361,,0.4927,,,heated rivalry|hudson williams|reaction|specialist|reacts|skin care routine|affordable|korean,GlowMetric_Q1_2025,GlowMetric
YouTube,Hyram,Hyram,UC2sYit3cZ2CuD_8FHYH7O_Q,Macro,YEdPmCF10II,10 Mistakes You&#39;re Making That Are Destroying Your Skin,2025-12-22T18:56:49Z,2025-12-22,Vlog/Other,4380000,44773,1960,105,,1124,0.00047,0.0102,,0.088,,,skin care|mistakes|fail|tips & tricks|advice|the ordinary,GlowMetric_Q1_2025,GlowMetric
YouTube,Hyram,Hyram,UC2sYit3cZ2CuD_8FHYH7O_Q,Macro,Fo_FiGKnnaA,I Tried Every Allure 2025 Beauty Winner (here are the best 👀),2025-12-19T18:21:39Z,2025-12-19,Test/Rank,4380000,37012,1239,51,,1189,0.00029,0.0085,,0.0575,,,skin care|moisturize|tone|product|review|products|Hyram|by hyram|cleanser|sunscreen,GlowMetric_Q1_2025,GlowMetric
YouTube,Hyram,Hyram,UC2sYit3cZ2CuD_8FHYH7O_Q,Macro,CoixYVbKYOk,I’m finally done. Text JOINHYRAM to 88709 to join me in quitting! ❤️ #EXProgramAd @exprogram,2025-12-07T21:17:31Z,2025-12-07,Vlog/Other,4380000,2848057,1056,53,,125,0.00025,0.6502,,0.0052,,,nicotine|quitting|quit|vaping|how to|exprogram,GlowMetric_Q1_2025,GlowMetric
YouTube,Hyram,Hyram,UC2sYit3cZ2CuD_8FHYH7O_Q,Macro,qodN-7ZOpsg,"The BEST Moisturizers of 2025 🧴 Eczema, Lips, &amp; All Skin Types!",2025-11-29T15:30:56Z,2025-11-29,Vlog/Other,4380000,29824,1061,58,,1274,0.00026,0.0068,,0.0552,,,best of 2025|best skin care|moisturizer|dry skin|oily skin|eczema|lip balm|eye cream|best|skin care,GlowMetric_Q1_2025,GlowMetric
YouTube,Hyram,Hyram,UC2sYit3cZ2CuD_8FHYH7O_Q,Macro,Rm9rYRo3CvY,Korean Skin Care You Can’t Miss This Black Friday!,2025-11-27T16:00:46Z,2025-11-27,Vlog/Other,4380000,29140,952,46,,1206,0.00023,0.0067,,0.0462,,,korean|kbeauty|black friday|sale|best|sunscreen|cleanser|moisturizer|recommendations,GlowMetric_Q1_2025,GlowMetric
YouTube,Hyram,Hyram,UC2sYit3cZ2CuD_8FHYH7O_Q,Macro,ttYwJWBqu68,"The BEST Serums of 2025 💦 Acne, Aging, Dark Spots, Redness, + more!",2025-11-24T18:28:48Z,2025-11-24,Vlog/Other,4380000,41212,1392,88,,1292,0.00034,0.0094,,0.0732,,,best skin care|2025|review|products|serums|acne|breakouts|aging|wrinkles|dark spots,GlowMetric_Q1_2025,GlowMetric
YouTube,Hyram,Hyram,UC2sYit3cZ2CuD_8FHYH7O_Q,Macro,auTvbGaVXzw,The Truth About Rini: The Skin Care Brand for Toddlers,2025-11-16T15:39:17Z,2025-11-16,Vlog/Other,4380000,13778,679,132,,1526,0.00019,0.0031,,0.0483,,,rini|skin care|shay mitchell|toddler|kids|controversy|drama|commentary|viral|brand,GlowMetric_Q1_2025,GlowMetric
YouTube,Hyram,Hyram,UC2sYit3cZ2CuD_8FHYH7O_Q,Macro,9g0Yu098q2M,TikTok Skin Care Trends That Need To Die,2025-11-07T15:00:27Z,2025-11-07,Vlog/Other,4380000,26292,1224,63,,970,0.00029,0.006,,0.0469,,,tiktok|trends|viral|tik tok|beauty|skin care|skin|overhyped|overrated|reviewing,GlowMetric_Q1_2025,GlowMetric
YouTube,DrDrayzday,Dr Dray,UCnxmUrGMtpQT844Yd_l7Zyg,Macro,_nYloDafhh0,Repair Skin Barrier FAST (No New Products!),2026-03-24T16:00:57Z,2026-03-24,Vlog/Other,2630000,7225,782,77,,988,0.00033,0.0027,,0.0543,,,skin barrier repair|skin barrier repair home remedies|skin barrier repair dermatologist|skin barrier repair dr dray|how to repair the skin barrier on your face|how to repair the skin barrier|how to repair the skin|signs of skin barrier damage|signs of broken skin barrier|signs of compromised skin barrier,GlowMetric_Q1_2025,GlowMetric
YouTube,DrDrayzday,Dr Dray,UCnxmUrGMtpQT844Yd_l7Zyg,Macro,l1qyrLOw3jU,These 3 Body Products Changed Everything #dermatologist,2026-03-23T23:00:57Z,2026-03-23,Vlog/Other,2630000,58676,4532,119,,92,0.00177,0.0223,,0.0271,,,body care products|body care products dermatologist recommended|body care products for women|body care products for dry skin|body care products review|dr dray body care,GlowMetric_Q1_2025,GlowMetric
YouTube,DrDrayzday,Dr Dray,UCnxmUrGMtpQT844Yd_l7Zyg,Macro,SSR0t63tkfM,Dermatologist Reviews Dollar Tree Skincare (What’s Worth It?),2026-03-23T16:00:42Z,2026-03-23,Review,2630000,17086,1419,193,,760,0.00061,0.0065,,0.0773,,,dollar tree skincare|dollar tree skincare dermatologist|dollar tree skincare dupes|dollar tree skincare routines|dollar tree skincare review|dollar tree skincare haul|dollar tree skincare finds|dollar tree skincare dr dray|dollar tree body care|dollar tree body care dupes,GlowMetric_Q1_2025,GlowMetric
YouTube,DrDrayzday,Dr Dray,UCnxmUrGMtpQT844Yd_l7Zyg,Macro,Tx8hHbxLQCY,Impaired Barrier? Try A Balm Instead! #dermatologistadvice,2026-03-22T23:00:35Z,2026-03-22,Vlog/Other,2630000,29610,1710,52,,108,0.00067,0.0113,,0.0121,,,skin barrier|dermatologist skin barrier|skin barrier dr dray|skin barrier damage|damaged skin barrier|dr dray impaired skin barrier|dr dray skin barrier|skin barrier repair products|skin barrier repair dermatologist|skin barrier damage signs,GlowMetric_Q1_2025,GlowMetric
YouTube,DrDrayzday,Dr Dray,UCnxmUrGMtpQT844Yd_l7Zyg,Macro,0NGjbxT7fGY,From Tretinoin to Sunscreen Sticks. Dermatologist Answers Your Questions,2026-03-22T16:00:01Z,2026-03-22,Vlog/Other,2630000,18476,1260,196,,1107,0.00055,0.007,,0.1015,,,dermatologist skin care advice|dermatologist answer questions|skin care|skincare questions|skincare routine|skin care products|dermatologist dr dray|dermatologist skin care|board certified dermatologist|skincare dermatologist,GlowMetric_Q1_2025,GlowMetric
YouTube,DrDrayzday,Dr Dray,UCnxmUrGMtpQT844Yd_l7Zyg,Macro,JGP6YN6gc2w,How to Get Rid of Fine Lines (Dermatologist Explains),2026-03-21T23:00:31Z,2026-03-21,Tutorial,2630000,51925,3039,69,,108,0.00118,0.0197,,0.0212,,,skincare for fine lines & wrinkles|skincare for fine lines|skincare for fine lines on forehead|best skincare for fine lines|best skincare products for fine lines|how to fix fine lines under eyes|how to fix fine lines around mouth|how to fix fine lines on forehead|how to fix fine lines|how to get rid of fine lines around mouth,GlowMetric_Q1_2025,GlowMetric
YouTube,DrDrayzday,Dr Dray,UCnxmUrGMtpQT844Yd_l7Zyg,Macro,dX8GMTPkeC0,*NEW* Mineral Sunscreen Review + Your Skincare Questions Answered,2026-03-21T16:01:02Z,2026-03-21,Review,2630000,13996,963,129,,873,0.00042,0.0053,,0.0611,,,physiogel mineral sunscreen|physiogel sunscreen|physiogel sunscreen review|physiogel sunscreen for oily skin|dermatologist skin care|mineral sunscreen|mineral sunscreen dr dray|mineral sunscreen no white cast|mineral sunscreen for dark skin|korean mineral sunscreen,GlowMetric_Q1_2025,GlowMetric
YouTube,DrDrayzday,Dr Dray,UCnxmUrGMtpQT844Yd_l7Zyg,Macro,wdGNephtSkI,These Nail Lines Mean WHAT? #dermatologist,2026-03-20T23:01:08Z,2026-03-20,Vlog/Other,2630000,28752,810,15,,94,0.00031,0.0109,,0.0049,,,vertical ridges on nails|nail ridges|nails and health|ridges in fingernails|vertical ridges on nails vitamin deficiency|vertical ridges on nails treatment|vertical ridges on thumb nails|nail ridges treatment|what causes vertical ridges on nails,GlowMetric_Q1_2025,GlowMetric
YouTube,DrDrayzday,Dr Dray,UCnxmUrGMtpQT844Yd_l7Zyg,Macro,eFwNXBvPmPk,Dermatologist: Best Ingredients for Menopausal Skin (Improve Elasticity),2026-03-20T16:01:09Z,2026-03-20,Vlog/Other,2630000,45585,3039,173,,862,0.00122,0.0173,,0.1753,,,meno|menopause skincare|menopause skin problems|menopausal skin problems face|menopause dry skin|menopause skin and hair changes|post menopause skincare|dr dray menopause skin|skincare for menopausal skin|menopause symptoms,GlowMetric_Q1_2025,GlowMetric
YouTube,DrDrayzday,Dr Dray,UCnxmUrGMtpQT844Yd_l7Zyg,Macro,ipvj7kCq3DQ,Can You Use AmLactin on Your Face? #dermatologistrecommended,2026-03-19T23:01:01Z,2026-03-19,Vlog/Other,2630000,67777,3624,183,,77,0.00145,0.0258,,0.0186,,,can you use amlactin on face|amlactin how to use|amlactin for face|amlactin lotion for face|dr dray amlactin,GlowMetric_Q1_2025,GlowMetric
YouTube,DrDrayzday,Dr Dray,UCnxmUrGMtpQT844Yd_l7Zyg,Macro,eq198O9Lkm0,Dermatologist: Why Glycerin Is the Best Moisturizer Ingredient,2026-03-19T16:01:00Z,2026-03-19,Vlog/Other,2630000,26992,1899,195,,1017,0.0008,0.0103,,0.1356,,,glycerin in skincare|glycerin skin care|glycerin skin softener|benefits of glycerin for skin|benefits of using glycerine on your skin|benefits of vegetable glycerin for skin|benefits of glycerin for oily skin|benefits of glycerin for skin by dermatologist|what glycerine does to the skin|skin care glycerine,GlowMetric_Q1_2025,GlowMetric
YouTube,DrDrayzday,Dr Dray,UCnxmUrGMtpQT844Yd_l7Zyg,Macro,PaO_VaacasE,Aquaphor Under Eyes? Dermatologist Reacts,2026-03-18T23:00:28Z,2026-03-18,Vlog/Other,2630000,90545,3597,107,,69,0.00141,0.0344,,0.0162,,,aquaphor lip|aquaphor lip balm under eyes|aquaphor lip repair stick|aquaphor lip balm stick|using aquaphor under eyes|aquaphor under eye|aquaphor under concealer|aquaphor under eye hack|aquaphor stick for under eyes|aquaphor healing ointment under eyes,GlowMetric_Q1_2025,GlowMetric
YouTube,DrDrayzday,Dr Dray,UCnxmUrGMtpQT844Yd_l7Zyg,Macro,IL5Yx4xxJlM,5 Evidence-Based Supplements for Skin | Dermatologist Explains,2026-03-18T16:00:34Z,2026-03-18,Vlog/Other,2630000,71505,3944,227,,980,0.00159,0.0272,,0.2597,,,evidence based supplements|supplements for skin|supplements for skin health|supplements for skin and hair|supplements for skin hydration|supplements for skin glow|dietary supplements|skin supplements|skin supplements for glowing skin|skin supplements dermatologist,GlowMetric_Q1_2025,GlowMetric
YouTube,DrDrayzday,Dr Dray,UCnxmUrGMtpQT844Yd_l7Zyg,Macro,1dimJEJ-5p8,How to Improve Skin Texture | Dermatologist Daily Habits for Smoother Skin,2026-03-16T16:00:02Z,2026-03-16,Tutorial,2630000,77597,4495,289,,1072,0.00182,0.0295,,0.3252,,,how to improve skin texture|how to improve skin texture on face naturally|how to improve skin texture and pores|how to improve skin texture on face|how to improve skin texture naturally at home|how to improve skin texture at home|how to improve skin texture after acne|how to improve skin texture naturally|how to improve skin texture men|dr dray textured skin,GlowMetric_Q1_2025,GlowMetric
YouTube,DrDrayzday,Dr Dray,UCnxmUrGMtpQT844Yd_l7Zyg,Macro,NhJfqPm4UOA,These Skin Changes Could Be a Warning Sign of Colon Cancer,2026-03-09T16:00:29Z,2026-03-09,Vlog/Other,2630000,113668,3725,258,,698,0.00151,0.0432,,0.1757,,,colon cancer signs|colon cancer signs and symptoms|signs of colon cancer|colon cancer symptoms|colon cancer|colon cancer skin|3 weird signs of colon cancer|colon cancer dermatological findings|3 rare findings of colon cancer|colon cancer and the skin,GlowMetric_Q1_2025,GlowMetric
YouTube,JamieGenevieve,Jamie Genevieve,UCFvZo3vuosabfwmLQTpzU5A,Mid,rgJTA-ffPZM,‘The girls’ 🥹🥹🥹,2026-03-09T11:17:51Z,2026-03-09,Short,978000,23584,871,37,,6,0.00093,0.0241,,0.0009,,,,GlowMetric_Q1_2025,GlowMetric
YouTube,JamieGenevieve,Jamie Genevieve,UCFvZo3vuosabfwmLQTpzU5A,Mid,lisEgEyj7F0,"A SELF-CARE GLOW UP (facial, hair, makeup, pregnancy...) | JAMIE GENEVIEVE",2026-02-09T19:31:04Z,2026-02-09,Vlog/Other,978000,78222,3272,173,,1214,0.00352,0.08,,0.7122,,,jamie genevieve|makeup|tutorial|how to|vlog|makeup tutorial|beauty|weekly vlog|how to makeup|VIEVE,GlowMetric_Q1_2025,GlowMetric
YouTube,JamieGenevieve,Jamie Genevieve,UCFvZo3vuosabfwmLQTpzU5A,Mid,J4f3NR0jdD4,5 THINGS TO START YOUR YEAR OFF RIGHT | JAMIE GENEVIEVE,2026-01-13T18:13:44Z,2026-01-13,Vlog/Other,978000,40541,2220,176,,1119,0.00245,0.0415,,0.4569,,,jamie genevieve|makeup|tutorial|how to|vlog|makeup tutorial|beauty|weekly vlog|how to makeup|VIEVE,GlowMetric_Q1_2025,GlowMetric
YouTube,JamieGenevieve,Jamie Genevieve,UCFvZo3vuosabfwmLQTpzU5A,Mid,-ieUe8Yr2bg,GRWM and my little mini princess Elsa queen x,2025-12-13T13:52:28Z,2025-12-13,Routine,978000,62047,3060,63,,139,0.00319,0.0634,,0.0739,,,,GlowMetric_Q1_2025,GlowMetric
YouTube,JamieGenevieve,Jamie Genevieve,UCFvZo3vuosabfwmLQTpzU5A,Mid,DHMhA0sHRDM,A WEEK WITH ME (is it a new vlog era?) | JAMIE GENEVIEVE,2025-11-12T20:20:46Z,2025-11-12,Vlog/Other,978000,63244,2586,124,,1101,0.00277,0.0647,,0.5083,,,jamie genevieve|makeup|tutorial|how to|vlog|makeup tutorial|beauty|weekly vlog|how to makeup|VIEVE,GlowMetric_Q1_2025,GlowMetric
YouTube,JamieGenevieve,Jamie Genevieve,UCFvZo3vuosabfwmLQTpzU5A,Mid,JU74-5bVHKU,A JEWELLERY TOUR (from a woman who loves jewellery) | JAMIE GENEVIEVE,2025-09-22T18:33:18Z,2025-09-22,Vlog/Other,978000,43447,1850,147,,1210,0.00204,0.0444,,0.4114,,,jamie genevieve|makeup|tutorial|how to|vlog|makeup tutorial|beauty|weekly vlog|how to makeup|VIEVE,GlowMetric_Q1_2025,GlowMetric
YouTube,JamieGenevieve,Jamie Genevieve,UCFvZo3vuosabfwmLQTpzU5A,Mid,mVZWEoAHX2w,"LET&#39;S DO THE WORKS (skincare, easy fake tan &amp; makeup) | JAMIE GENEVIEVE",2025-09-05T18:19:30Z,2025-09-05,Vlog/Other,978000,70391,2464,86,,1727,0.00261,0.072,,0.7512,,,jamie genevieve|makeup|tutorial|how to|vlog|makeup tutorial|beauty|weekly vlog|how to makeup|VIEVE,GlowMetric_Q1_2025,GlowMetric
YouTube,JamieGenevieve,Jamie Genevieve,UCFvZo3vuosabfwmLQTpzU5A,Mid,v8ZJpxPiQuQ,A LOT HAS CHANGED (and so it should 🪐) | JAMIE GENEVIEVE,2025-08-21T17:31:45Z,2025-08-21,Vlog/Other,978000,101633,4158,279,,1397,0.00454,0.1039,,1.0571,,,jamie genevieve|makeup|tutorial|how to|vlog|makeup tutorial|beauty|weekly vlog|how to makeup|VIEVE,GlowMetric_Q1_2025,GlowMetric
YouTube,JamieGenevieve,Jamie Genevieve,UCFvZo3vuosabfwmLQTpzU5A,Mid,5K93FAFfhzw,RECREATING MY MOST POPULAR VIDEO (night out makeup tutorial) | JAMIE GENEVIEVE,2025-07-14T18:50:03Z,2025-07-14,Routine,978000,63243,3280,167,,1101,0.00352,0.0647,,0.6459,,,jamie genevieve|makeup|tutorial|how to|vlog|makeup tutorial|beauty|weekly vlog|how to makeup|VIEVE,GlowMetric_Q1_2025,GlowMetric
YouTube,JamieGenevieve,Jamie Genevieve,UCFvZo3vuosabfwmLQTpzU5A,Mid,Fbfn9pVk-Ng,10 BEAUTY TIPS (that are actually realistic) | JAMIE GENEVIEVE,2025-06-03T19:59:51Z,2025-06-03,Vlog/Other,978000,99917,3495,227,,1359,0.00381,0.1022,,0.863,,,jamie genevieve|makeup|tutorial|how to|vlog|makeup tutorial|beauty|weekly vlog|how to makeup|VIEVE,GlowMetric_Q1_2025,GlowMetric
YouTube,JamieGenevieve,Jamie Genevieve,UCFvZo3vuosabfwmLQTpzU5A,Mid,VYD_317xIoE,I’ll never forget that this is what it’s all about ❤️‍🔥❤️‍🔥❤️‍🔥,2025-05-12T12:33:29Z,2025-05-12,Short,978000,57106,0,59,,23,6e-05,0.0584,,0.0002,,,,GlowMetric_Q1_2025,GlowMetric
YouTube,JamieGenevieve,Jamie Genevieve,UCFvZo3vuosabfwmLQTpzU5A,Mid,iK8UJA6h6uk,"BEAUTY, HAIR, BOOKS &amp; BEING A TODDLER MUM | JAMIE GENEVIEVE",2025-05-05T16:30:41Z,2025-05-05,Vlog/Other,978000,72007,2479,99,,921,0.00264,0.0736,,0.4052,,,jamie genevieve|makeup|tutorial|how to|vlog|makeup tutorial|beauty|weekly vlog|how to makeup|VIEVE,GlowMetric_Q1_2025,GlowMetric
YouTube,JamieGenevieve,Jamie Genevieve,UCFvZo3vuosabfwmLQTpzU5A,Mid,k_LaropwsOU,A BIG GORGEOUS GLAM MAKEUP TUTORIAL | JAMIE GENEVIEVE,2025-03-06T20:58:31Z,2025-03-06,Tutorial,978000,96613,4824,213,,1263,0.00515,0.0988,,1.0841,,,jamie genevieve|makeup|tutorial|how to|vlog|makeup tutorial|beauty|weekly vlog|how to makeup|VIEVE,GlowMetric_Q1_2025,GlowMetric
YouTube,JamieGenevieve,Jamie Genevieve,UCFvZo3vuosabfwmLQTpzU5A,Mid,QcnkL8offmY,SKINCARE ROUTINE &amp; WHAT I&#39;VE DONE: chin lipo &amp; treatments | JAMIE GENEVIEVE,2025-01-09T19:46:45Z,2025-01-09,Routine,978000,83201,3131,178,,1665,0.00338,0.0851,,0.938,,,jamie genevieve|makeup|tutorial|how to|vlog|makeup tutorial|beauty|weekly vlog|how to makeup|VIEVE,GlowMetric_Q1_2025,GlowMetric
YouTube,JamieGenevieve,Jamie Genevieve,UCFvZo3vuosabfwmLQTpzU5A,Mid,xRK9n-kK85c,"FAVOURITE THINGS - ORGANISATION, BOOKS, HEALTH &amp; WELLBEING | JAMIE GENEVIEVE",2024-08-27T19:19:18Z,2024-08-27,Vlog/Other,978000,78270,3306,175,,950,0.00356,0.08,,0.5637,,,jamie genevieve|makeup|tutorial|how to|vlog|makeup tutorial|beauty|weekly vlog|how to makeup|VIEVE,GlowMetric_Q1_2025,GlowMetric
YouTube,ShaaanXO,Shaaanxo,UCMpOz2KEfkSdd5JeIJh_fxw,Micro,_MPswa7Vf0Q,WORKOUT PROOF? 🥵💦 trying the NEW estee lauder double wear foundation formula,2026-03-19T23:15:06Z,2026-03-19,Vlog/Other,2920000,9622,548,71,,1399,0.00021,0.0033,,0.049,,,shannon harris|makeup tutorial|new zealand makeup|make up|get ready with me|getting ready|beauty|shaaanxo|Estee Lauder Double Wear 2026|New Double Wear Formula,GlowMetric_Q1_2025,GlowMetric
YouTube,ShaaanXO,Shaaanxo,UCMpOz2KEfkSdd5JeIJh_fxw,Micro,fBXJGwPREv0,full face of GREEN products challenge 🍀 GRWM (packaging challenge),2025-05-22T21:55:50Z,2025-05-22,Routine,2920000,21927,1310,115,,2089,0.00049,0.0075,,0.1706,,,shannon harris|makeup tutorial|new zealand makeup|make up|get ready with me|getting ready|beauty|shaaanxo|colour series|colour challenge,GlowMetric_Q1_2025,GlowMetric
YouTube,ShaaanXO,Shaaanxo,UCMpOz2KEfkSdd5JeIJh_fxw,Micro,ZMzZOMx46H8,I felt like mashing lots of colors together to see what would happen…. luckily it worked out 🙂‍↕️,2025-02-17T21:56:38Z,2025-02-17,Vlog/Other,2920000,7071,574,13,,88,0.0002,0.0024,,0.0029,,,,GlowMetric_Q1_2025,GlowMetric
YouTube,ShaaanXO,Shaaanxo,UCMpOz2KEfkSdd5JeIJh_fxw,Micro,MmYyJ9vhqFU,0-100 makeover! 🧖🏼‍♀️ a nice calm GRWM for netflix &amp; chill,2022-03-15T23:45:23Z,2022-03-15,Routine,2920000,49762,2917,193,,1223,0.00107,0.017,,0.2181,,,shannon harris|makeup tutorial|new zealand makeup|make up|get ready with me|getting ready|beauty|shaaanxo,GlowMetric_Q1_2025,GlowMetric
YouTube,ShaaanXO,Shaaanxo,UCMpOz2KEfkSdd5JeIJh_fxw,Micro,5syLAXnBmsg,I dyed my hair pink.... 💗☁️🍦 chit chat GRWM for an ad!,2021-06-22T21:01:55Z,2021-06-22,Routine,2920000,56117,2838,215,,1028,0.00105,0.0192,,0.1799,,,shannon harris|makeup tutorial|new zealand makeup|make up|get ready with me|getting ready|beauty|shaaanxo,GlowMetric_Q1_2025,GlowMetric
YouTube,ShaaanXO,Shaaanxo,UCMpOz2KEfkSdd5JeIJh_fxw,Micro,cReXCcjhjtw,Our Wedding Film 💍 Shannon &amp; Hamish 13.02.21,2021-03-04T20:00:17Z,2021-03-04,Vlog/Other,2920000,299194,21041,1890,,656,0.00785,0.1025,,0.8583,,,shannon harris|makeup tutorial|new zealand makeup|make up|get ready with me|getting ready|beauty|shaaanxo|shaaanxo wedding video|wedding video,GlowMetric_Q1_2025,GlowMetric
YouTube,ShaaanXO,Shaaanxo,UCMpOz2KEfkSdd5JeIJh_fxw,Micro,B0r7klj0-Sc,Chit Chat GRWM 💖 Cosmopolitan Pink &amp; Burgundy! 💕🍹 Cocktail Series,2017-06-01T21:33:57Z,2017-06-01,Routine,2920000,383773,21080,1775,,1253,0.00783,0.1314,,1.6352,,,shannon harris|makeup tutorial|new zealand makeup|make up|get ready with me|getting ready|beauty|shaaanxo|chit chat|chatty,GlowMetric_Q1_2025,GlowMetric
YouTube,ShaaanXO,Shaaanxo,UCMpOz2KEfkSdd5JeIJh_fxw,Micro,V0orZCwqOto,GRWM ♡ My Go-To Everyday Makeup Look! &amp; Outfit Of The Day!,2014-05-07T02:00:00Z,2014-05-07,Routine,2920000,332010,10287,478,,470,0.00369,0.1137,,0.2891,,,shannon|harris|new|zealand|best|beauty|makeup|guru|satnightsalrite|laurenbeautyy,GlowMetric_Q1_2025,GlowMetric
YouTube,ShaaanXO,Shaaanxo,UCMpOz2KEfkSdd5JeIJh_fxw,Micro,ISUn7dqr73U,Get Ready With Me! Sexy Summery Makeup! ♡ Shaaanxo,2013-11-16T01:00:00Z,2013-11-16,Routine,2920000,284839,10852,1028,,236,0.00407,0.0975,,0.1601,,,shannon|harris|new|zealand|best|beauty|makeup|guru|satnightsalrite|laurenbeautyy,GlowMetric_Q1_2025,GlowMetric
YouTube,ShaaanXO,Shaaanxo,UCMpOz2KEfkSdd5JeIJh_fxw,Micro,-306YU9ZEDE,GRWM Makeup &amp; Outfit ♡ Dewy &amp; Fresh Skin w/ Shimmer Taupe Eyes!,2013-11-14T01:00:00Z,2013-11-14,Routine,2920000,224278,6890,477,,364,0.00252,0.0768,,0.1529,,,shannon|harris|new|zealand|best|beauty|makeup|guru|satnightsalrite|laurenbeautyy,GlowMetric_Q1_2025,GlowMetric
YouTube,GlitterAndLazers,Glitterandlazers,UCINgkP5R6zvF9WuMTjY-RqQ,Mid,sTFkw28rbGg,You’re planting seeds your future will thank you for. 🌻💛 #fitness,2026-03-24T20:00:43Z,2026-03-24,Short,2330000,1167,86,0,,42,4e-05,0.0005,,0.0003,,,,GlowMetric_Q1_2025,GlowMetric
YouTube,GlitterAndLazers,Glitterandlazers,UCINgkP5R6zvF9WuMTjY-RqQ,Mid,FMafDfmyj94,You’re writing a beautiful story. Keep turning pages. 📖🌸,2026-03-24T18:00:15Z,2026-03-24,Short,2330000,2587,179,0,,17,8e-05,0.0011,,0.0002,,,,GlowMetric_Q1_2025,GlowMetric
YouTube,GlitterAndLazers,Glitterandlazers,UCINgkP5R6zvF9WuMTjY-RqQ,Mid,DBMtvfnC_gA,Stay focused. Stay working. Stay winning. #fitness,2026-03-24T14:00:20Z,2026-03-24,Short,2330000,3331,172,0,,15,7e-05,0.0014,,0.0002,,,,GlowMetric_Q1_2025,GlowMetric
YouTube,GlitterAndLazers,Glitterandlazers,UCINgkP5R6zvF9WuMTjY-RqQ,Mid,pf_CjyuRoKk,Every rep makes you stronger. #fitness,2026-03-23T20:00:47Z,2026-03-23,Short,2330000,5228,207,0,,20,9e-05,0.0022,,0.0003,,,,GlowMetric_Q1_2025,GlowMetric
YouTube,GlitterAndLazers,Glitterandlazers,UCINgkP5R6zvF9WuMTjY-RqQ,Mid,-2lCgZ6tKdw,Hard work fuels big dreams. #fitness,2026-03-23T18:00:01Z,2026-03-23,Short,2330000,8456,232,0,,15,0.0001,0.0036,,0.0003,,,,GlowMetric_Q1_2025,GlowMetric
YouTube,GlitterAndLazers,Glitterandlazers,UCINgkP5R6zvF9WuMTjY-RqQ,Mid,OvTJdAJUWWw,Smiling looks so good on you. Wear it often. 😄💐 #positivemindset,2026-03-23T16:00:40Z,2026-03-23,Short,2330000,6840,262,0,,8,0.00011,0.0029,,0.0001,,,,GlowMetric_Q1_2025,GlowMetric
YouTube,GlitterAndLazers,Glitterandlazers,UCINgkP5R6zvF9WuMTjY-RqQ,Mid,HhsXIOR531Y,"Visiting One Medical, I was surprised to see how calm it was! #Ad @Onemedical #AmazonOneMedical",2026-03-23T14:14:29Z,2026-03-23,Short,2330000,8001,267,6,,48,0.00012,0.0034,,0.001,,,,GlowMetric_Q1_2025,GlowMetric
YouTube,GlitterAndLazers,Glitterandlazers,UCINgkP5R6zvF9WuMTjY-RqQ,Mid,is-n6x_KtnU,Courage starts with showing up. And you did. 👏🌻#fitness,2026-03-22T21:00:41Z,2026-03-22,Short,2330000,5142,205,0,,34,9e-05,0.0022,,0.0005,,,,GlowMetric_Q1_2025,GlowMetric
YouTube,GlitterAndLazers,Glitterandlazers,UCINgkP5R6zvF9WuMTjY-RqQ,Mid,voBdsQb0hcw,You glow differently when you’re confident. Shine on. ✨💃,2026-03-22T19:00:51Z,2026-03-22,Short,2330000,12167,538,0,,14,0.00023,0.0052,,0.0005,,,,GlowMetric_Q1_2025,GlowMetric
YouTube,GlitterAndLazers,Glitterandlazers,UCINgkP5R6zvF9WuMTjY-RqQ,Mid,tRRUzPkavhc,Hard work turns dreams into plans. #fitness,2026-03-22T15:01:26Z,2026-03-22,Short,2330000,8907,338,0,,35,0.00015,0.0038,,0.0009,,,,GlowMetric_Q1_2025,GlowMetric
YouTube,GlitterAndLazers,Glitterandlazers,UCINgkP5R6zvF9WuMTjY-RqQ,Mid,SZ6zvdVHndY,"Dream big, start small, stay consistent. Magic will follow. 🪄💫 #fitness",2026-03-21T17:00:44Z,2026-03-21,Short,2330000,15680,449,0,,32,0.00019,0.0067,,0.001,,,,GlowMetric_Q1_2025,GlowMetric
YouTube,GlitterAndLazers,Glitterandlazers,UCINgkP5R6zvF9WuMTjY-RqQ,Mid,mfhC7Sp38PY,"For my final surgery with Advanced Lipedema Treatment, I went to their Utah center! #ALTAmbassador",2025-04-22T16:29:00Z,2025-04-22,Short,2330000,83361,1232,0,,19,0.00053,0.0358,,0.0017,,,,GlowMetric_Q1_2025,GlowMetric
YouTube,GlitterAndLazers,Glitterandlazers,UCINgkP5R6zvF9WuMTjY-RqQ,Mid,K0Ht7dusPB0,Jump squats in the house. Say what??? PT exercises to work on my progress. #physicaltherapy #running,2024-02-06T17:00:13Z,2024-02-06,Short,2330000,127354,4891,222,,14,0.00219,0.0547,,0.0051,,,,GlowMetric_Q1_2025,GlowMetric
YouTube,GlitterAndLazers,Glitterandlazers,UCINgkP5R6zvF9WuMTjY-RqQ,Mid,oRQ1EfsX46g,Ooh la la,2021-11-13T23:06:21Z,2021-11-13,Short,2330000,252976,10069,222,,11,0.00442,0.1086,,0.0081,,,,GlowMetric_Q1_2025,GlowMetric
YouTube,GlitterAndLazers,Glitterandlazers,UCINgkP5R6zvF9WuMTjY-RqQ,Mid,slx42iKbCwg,Our Twinning Plus Size Disney Lewks,2021-09-12T17:03:09Z,2021-09-12,Short,2330000,28967149,341995,2557,,10,0.14788,12.4323,,0.2465,,,,GlowMetric_Q1_2025,GlowMetric
YouTube,AlexandrasGirly,Alexandra Anele,UCzlgsdcnqJq8BDWY7bqWUmA,Mid,5fECPfnoEaU,I had an idea...😈 MIXING MAKEUP for the GLOWIEST GLOW,2026-03-24T18:04:53Z,2026-03-24,Vlog/Other,1420000,2634,311,51,,773,0.00025,0.0019,,0.0322,,,alexandra anele|foundation|flawless base|bareminerals|haus labs|oily skin|NARS matte foundation|DIY|mineral makeup|glowy,GlowMetric_Q1_2025,GlowMetric
YouTube,AlexandrasGirly,Alexandra Anele,UCzlgsdcnqJq8BDWY7bqWUmA,Mid,a5ilw365ys4,Don&#39;t let Office Air RUIN your Makeup,2026-03-21T16:00:00Z,2026-03-21,Vlog/Other,1420000,8410,632,117,,755,0.00053,0.0059,,0.0667,,,alexandra anele|office air|makeup tips|mua|makeup artist|cracking|oily|disappearing|fading|dry,GlowMetric_Q1_2025,GlowMetric
YouTube,AlexandrasGirly,Alexandra Anele,UCzlgsdcnqJq8BDWY7bqWUmA,Mid,QuPwwYkvbpQ,So NARS has a new foundation…,2026-03-10T16:00:42Z,2026-03-10,Vlog/Other,1420000,25946,1530,372,,1549,0.00134,0.0183,,0.3459,,,alexandra anele|NARS natural matte foundation,GlowMetric_Q1_2025,GlowMetric
YouTube,AlexandrasGirly,Alexandra Anele,UCzlgsdcnqJq8BDWY7bqWUmA,Mid,bDi4PeBVTUI,STOP. Before you buy ANOTHER foundation...,2026-03-09T18:15:03Z,2026-03-09,Vlog/Other,1420000,29561,1468,43,,88,0.00106,0.0208,,0.0155,,,alexandra anele|foundation|base|dry skin|oily skin|dewy|matte|no buy|deinfluencing,GlowMetric_Q1_2025,GlowMetric
YouTube,AlexandrasGirly,Alexandra Anele,UCzlgsdcnqJq8BDWY7bqWUmA,Mid,kJD5u2g_f8A,DON’T buy another foundation,2026-03-07T17:01:05Z,2026-03-07,Vlog/Other,1420000,45729,2801,357,,698,0.00222,0.0322,,0.2583,,,alexandra anele|foundation|oily skin|dry skin|matte|dewy|satin,GlowMetric_Q1_2025,GlowMetric
YouTube,AlexandrasGirly,Alexandra Anele,UCzlgsdcnqJq8BDWY7bqWUmA,Mid,nzTTqic7l50,This is why your eye makeup looks “WRONG”,2026-02-17T17:01:18Z,2026-02-17,Vlog/Other,1420000,68363,4647,370,,1459,0.00353,0.0481,,0.8584,,,alexandra anele|why your eye makeup looks wrong|eyeshadow|how to|makeup tutorial|mua|explained|lisa eldridge betty,GlowMetric_Q1_2025,GlowMetric
YouTube,AlexandrasGirly,Alexandra Anele,UCzlgsdcnqJq8BDWY7bqWUmA,Mid,GMJuj327VbQ,2 NEW Olive Complexion Products? ,2026-01-31T17:00:25Z,2026-01-31,Vlog/Other,1420000,23350,1244,187,,2147,0.00101,0.0164,,0.3614,,,alexandra anele|pale olive|fair olive|foundation|concealer|wear test|creasing,GlowMetric_Q1_2025,GlowMetric
YouTube,AlexandrasGirly,Alexandra Anele,UCzlgsdcnqJq8BDWY7bqWUmA,Mid,AChdbdQlfeA,Trying new makeup! Self adhesive lashes? 🤔,2026-01-30T00:25:31Z,2026-01-30,Vlog/Other,1420000,17468,391,21,,11066,0.00029,0.0123,,0.5349,,,alexandra anele,GlowMetric_Q1_2025,GlowMetric
YouTube,AlexandrasGirly,Alexandra Anele,UCzlgsdcnqJq8BDWY7bqWUmA,Mid,SyLM4nH_bRQ,I finished a bunch of stuff. Let&#39;s see if they were worth it 🥲,2026-01-20T18:00:37Z,2026-01-20,Review,1420000,49891,2457,402,,1580,0.00201,0.0351,,0.5293,,,alexandra anele|empties|concealer|skincare|sunscreen|acne|gentle exfoliant|blowdry mist|dezi skin|cleansing balm,GlowMetric_Q1_2025,GlowMetric
YouTube,AlexandrasGirly,Alexandra Anele,UCzlgsdcnqJq8BDWY7bqWUmA,Mid,DzAZxE2vlRw,I guess it&#39;s a hot take,2026-01-16T17:00:31Z,2026-01-16,Vlog/Other,1420000,44137,1807,80,,72,0.00133,0.0311,,0.016,,,alexandra anele|lip stain|makeup tips|makeup artist,GlowMetric_Q1_2025,GlowMetric
YouTube,AlexandrasGirly,Alexandra Anele,UCzlgsdcnqJq8BDWY7bqWUmA,Mid,J3XdCA7ap90,My TOP Lip Products of 2025 ayyyyyyeee!,2026-01-13T17:00:28Z,2026-01-13,Vlog/Other,1420000,27426,1627,165,,1273,0.00126,0.0193,,0.2673,,,alexandra anele|lip liner|lip stain|best lip balm|lip mask|kjh.brand|hung vanngo beauty|typology,GlowMetric_Q1_2025,GlowMetric
YouTube,AlexandrasGirly,Alexandra Anele,UCzlgsdcnqJq8BDWY7bqWUmA,Mid,kuhaqA0tnsQ,Cover your dark circles for only $5!,2026-01-10T03:25:47Z,2026-01-10,Short,1420000,654286,3220,137,,21,0.00236,0.4608,,0.0083,,,alexandra anele|concealer|dark circles|elf cosmetics,GlowMetric_Q1_2025,GlowMetric
YouTube,AlexandrasGirly,Alexandra Anele,UCzlgsdcnqJq8BDWY7bqWUmA,Mid,nXF5wDsW-vo,My Top Tips for Flawless Under Eyes | Prevent Wrinkle Creasing,2025-12-23T17:01:26Z,2025-12-23,Vlog/Other,1420000,41168,2352,141,,1845,0.00176,0.029,,0.5412,,,alexandra anele|concealer|under eye|wrinkle creasing|dark circles,GlowMetric_Q1_2025,GlowMetric
YouTube,AlexandrasGirly,Alexandra Anele,UCzlgsdcnqJq8BDWY7bqWUmA,Mid,j_aBlfuG2vY,Holiday Glam using ALL Drugstore Makeup,2025-12-18T17:01:15Z,2025-12-18,Vlog/Other,1420000,32984,1855,200,,3795,0.00145,0.0232,,0.9171,,,alexandra anele|holiday makeup|glam|drugstore makeup,GlowMetric_Q1_2025,GlowMetric
YouTube,AlexandrasGirly,Alexandra Anele,UCzlgsdcnqJq8BDWY7bqWUmA,Mid,6WCdlXUbZCU,A chill hang,2025-12-17T23:57:01Z,2025-12-17,Vlog/Other,1420000,6689,253,24,,4079,0.0002,0.0047,,0.136,,,alexandra anele,GlowMetric_Q1_2025,GlowMetric
YouTube,CassieTrayna,Cassie Nailah Secrets,UC8yar6kZPPENJ2GxdI1WlSQ,Nano,8CKleFvzrGg,Hair growth rinse#skincare #skincareroutine #skincaretips #hairgrowth,2026-03-24T06:11:29Z,2026-03-24,Routine,79100,1281,72,0,,61,0.00091,0.0162,,0.0093,,,,GlowMetric_Q1_2025,GlowMetric
YouTube,CassieTrayna,Cassie Nailah Secrets,UC8yar6kZPPENJ2GxdI1WlSQ,Nano,8K47qj1MTa0,Hair growth oil #longhairgrowthtips#beauty #hairgrowthoilintamil#haircare #hairgrowth#hairgrowthtips,2026-03-24T06:01:29Z,2026-03-24,Vlog/Other,79100,5779,267,35,,69,0.00382,0.0731,,0.0439,,,,GlowMetric_Q1_2025,GlowMetric
YouTube,CassieTrayna,Cassie Nailah Secrets,UC8yar6kZPPENJ2GxdI1WlSQ,Nano,zWZnnqgr1Ww,How to make scalp detox for hair growth #body #haircare #hairgrowthoilintamil #hairgrowth,2026-03-22T15:34:47Z,2026-03-22,Tutorial,79100,15105,677,42,,61,0.00909,0.191,,0.0924,,,,GlowMetric_Q1_2025,GlowMetric
YouTube,CassieTrayna,Cassie Nailah Secrets,UC8yar6kZPPENJ2GxdI1WlSQ,Nano,IZm1diMiTS8,Fast hair growth Hair rinse #body #haircare #longhairgrowthtips #beauty,2026-03-22T15:29:54Z,2026-03-22,Vlog/Other,79100,1223,86,9,,71,0.0012,0.0155,,0.0142,,,,GlowMetric_Q1_2025,GlowMetric
YouTube,CassieTrayna,Cassie Nailah Secrets,UC8yar6kZPPENJ2GxdI1WlSQ,Nano,JsN-0DsnMB4,Vitamin c serum for glowing skin #body #skincare #beauty #vitaminc #antiagingserum #glowyskin #serum,2026-03-21T11:15:11Z,2026-03-21,Vlog/Other,79100,6036,346,3,,61,0.00441,0.0763,,0.0448,,,,GlowMetric_Q1_2025,GlowMetric
YouTube,CassieTrayna,Cassie Nailah Secrets,UC8yar6kZPPENJ2GxdI1WlSQ,Nano,3Zh4mU6wBew,Rice water for fasterhair growth #longhairgrowthtips#hairgrowth #longhairgrowthtips #body,2026-03-21T11:08:18Z,2026-03-21,Vlog/Other,79100,6460,420,24,,73,0.00561,0.0817,,0.0683,,,,GlowMetric_Q1_2025,GlowMetric
YouTube,CassieTrayna,Cassie Nailah Secrets,UC8yar6kZPPENJ2GxdI1WlSQ,Nano,9fFZH98E-jk,"Best way to clear dark knuckles,dark elbows very fast using just few ingredients / works faster✅✨",2026-03-19T16:00:06Z,2026-03-19,Vlog/Other,79100,160,8,5,,772,0.00016,0.002,,0.0206,,,,GlowMetric_Q1_2025,GlowMetric
YouTube,CassieTrayna,Cassie Nailah Secrets,UC8yar6kZPPENJ2GxdI1WlSQ,Nano,Hp3zsk-P-gE,How to make brightening body Scrub #body #bodyscrub #skincare #beauty #fair #bodysoap #bodycream,2026-03-19T07:30:56Z,2026-03-19,Tutorial,79100,12592,787,42,,69,0.01048,0.1592,,0.1205,,,,GlowMetric_Q1_2025,GlowMetric
YouTube,CassieTrayna,Cassie Nailah Secrets,UC8yar6kZPPENJ2GxdI1WlSQ,Nano,IEfQNJqhSE8,Best hairgrowth oil #hairgrowthoilintamil #longhairgrowthtips hairgrowth#hairgrowthoil,2026-03-14T12:14:26Z,2026-03-14,Vlog/Other,79100,1636,93,15,,73,0.00137,0.0207,,0.0167,,,,GlowMetric_Q1_2025,GlowMetric
YouTube,CassieTrayna,Cassie Nailah Secrets,UC8yar6kZPPENJ2GxdI1WlSQ,Nano,NDwx8tpkxsY,How to get glassSkin very fast using this #body #skincare #faceglow #undereyegel #hydrating,2026-03-12T09:02:22Z,2026-03-12,Short,79100,14960,769,7,,57,0.00981,0.1891,,0.0932,,,,GlowMetric_Q1_2025,GlowMetric
YouTube,CassieTrayna,Cassie Nailah Secrets,UC8yar6kZPPENJ2GxdI1WlSQ,Nano,VM9OvEtL2m4,Avocado hair growth mask#viral #skincare #hairgrowth #hair #hairtransformation,2026-03-06T21:08:04Z,2026-03-06,Vlog/Other,79100,15268,838,30,,63,0.01097,0.193,,0.1152,,,,GlowMetric_Q1_2025,GlowMetric
YouTube,CassieTrayna,Cassie Nailah Secrets,UC8yar6kZPPENJ2GxdI1WlSQ,Nano,r8EKKB2vYXk,Look 10years younger #body #skincare #beauty #fair #longhairgrowthtips,2026-03-02T16:39:54Z,2026-03-02,Vlog/Other,79100,3657,330,28,,66,0.00453,0.0462,,0.0498,,,,GlowMetric_Q1_2025,GlowMetric
YouTube,CassieTrayna,Cassie Nailah Secrets,UC8yar6kZPPENJ2GxdI1WlSQ,Nano,WQZlW4hgEdg,Best carrot soapRecipe for brighter lighter skin #body #skincare #carrotsoap #shinyskin #cleanskin,2026-03-02T16:37:11Z,2026-03-02,Vlog/Other,79100,3882,272,21,,61,0.0037,0.0491,,0.0376,,,,GlowMetric_Q1_2025,GlowMetric
YouTube,CassieTrayna,Cassie Nailah Secrets,UC8yar6kZPPENJ2GxdI1WlSQ,Nano,6Tdf_-SGW48,Best glow maskFor glowing skin #body #skincare #beauty #fair #glowingskin#glownaturally #healthyglow,2026-02-28T11:40:13Z,2026-02-28,Vlog/Other,79100,29268,1203,84,,61,0.01627,0.37,,0.1654,,,,GlowMetric_Q1_2025,GlowMetric
YouTube,CassieTrayna,Cassie Nailah Secrets,UC8yar6kZPPENJ2GxdI1WlSQ,Nano,8JxbWVy3rV8,Best hair growth oil #body #hairgrowthoilintamil #hairgrowth #hairgrowthtips #hairgrowthoil,2026-02-25T15:29:55Z,2026-02-25,Vlog/Other,79100,8846,520,71,,62,0.00747,0.1118,,0.0772,,,,GlowMetric_Q1_2025,GlowMetric
YouTube,KathleenLights,KathleenLights,UC8v4vz_n2rys6Yxpj8LuOBA,Macro,cVdqGWEQ-Mo,FULL FACE CHATTY GRWM - Current go-to foundation routine,2026-03-17T23:58:23Z,2026-03-17,Routine,4100000,79255,4420,315,,1617,0.00115,0.0193,,0.3099,,,kathleen lights|kathleen fuentes|colourpop|lightslabel,GlowMetric_Q1_2025,GlowMetric
YouTube,KathleenLights,KathleenLights,UC8v4vz_n2rys6Yxpj8LuOBA,Macro,MgdJOiL6_yg,"EAT WITH ME! Life Update, Work, Books + Anxiety",2025-11-24T16:35:55Z,2025-11-24,Vlog/Other,4100000,123453,7432,767,,758,0.002,0.0301,,0.2527,,,kathleen lights|kathleen fuentes|colourpop|lightslabel,GlowMetric_Q1_2025,GlowMetric
YouTube,KathleenLights,KathleenLights,UC8v4vz_n2rys6Yxpj8LuOBA,Macro,GtoP2PEJNmg,I made a perfume with Le Monde Gourmand!!!!,2025-11-08T01:22:05Z,2025-11-08,Vlog/Other,4100000,41962,3078,348,,701,0.00084,0.0102,,0.0981,,,kathleen lights|kathleen fuentes|colourpop|lightslabel,GlowMetric_Q1_2025,GlowMetric
YouTube,KathleenLights,KathleenLights,UC8v4vz_n2rys6Yxpj8LuOBA,Macro,B9z96sRaneU,"EAT WITH ME- Life, Drama, Books + Movies",2025-05-28T16:50:19Z,2025-05-28,Vlog/Other,4100000,108012,5494,648,,596,0.0015,0.0263,,0.149,,,,GlowMetric_Q1_2025,GlowMetric
YouTube,KathleenLights,KathleenLights,UC8v4vz_n2rys6Yxpj8LuOBA,Macro,anyd3xOat94,Juicy Tubes were the star of the Y2K era! That juicy scent &amp; shine? Iconic!  #LancômePartner,2025-05-19T23:33:49Z,2025-05-19,Short,4100000,623755,16779,56,,44,0.00411,0.1521,,0.0301,,,,GlowMetric_Q1_2025,GlowMetric
YouTube,KathleenLights,KathleenLights,UC8v4vz_n2rys6Yxpj8LuOBA,Macro,VnkkduCkbxU,TESTING NEW SPRING MAKEUP - Coquette Inspired look,2025-04-29T16:38:37Z,2025-04-29,Test/Rank,4100000,81983,3951,208,,1011,0.00101,0.02,,0.1702,,,kathleen lights|kathleen fuentes|colourpop|lightslabel,GlowMetric_Q1_2025,GlowMetric
YouTube,KathleenLights,KathleenLights,UC8v4vz_n2rys6Yxpj8LuOBA,Macro,CkXaQXd6TKc,Makeup I FORGOT I HAD - Shop My Stash!!,2024-10-21T11:29:31Z,2024-10-21,Vlog/Other,4100000,108437,5796,389,,1223,0.00151,0.0264,,0.3078,,,kathleen lights|kathleen fuentes|colourpop|lightslabel,GlowMetric_Q1_2025,GlowMetric
YouTube,KathleenLights,KathleenLights,UC8v4vz_n2rys6Yxpj8LuOBA,Macro,tB2aQrpV9Jc,Have you guys watched my newest video? I talk about my TOP 20 Perfumes for FALL 🍂🍁,2024-10-13T17:05:26Z,2024-10-13,Short,4100000,83319,2538,43,,57,0.00063,0.0203,,0.006,,,,GlowMetric_Q1_2025,GlowMetric
YouTube,KathleenLights,KathleenLights,UC8v4vz_n2rys6Yxpj8LuOBA,Macro,D0_1KiBNAsw,September Favorites - the best of the best!!,2024-09-30T21:23:37Z,2024-09-30,Vlog/Other,4100000,120438,5624,382,,1001,0.00146,0.0294,,0.2436,,,kathleen lights|kathleen fuentes|colourpop|lightslabel,GlowMetric_Q1_2025,GlowMetric
YouTube,KathleenLights,KathleenLights,UC8v4vz_n2rys6Yxpj8LuOBA,Macro,ezLIrM7DEqE,GRWM using a FULL FACE of Makeup By Mario,2024-09-02T00:23:14Z,2024-09-02,Routine,4100000,97991,5178,339,,761,0.00135,0.0239,,0.1712,,,kathleen lights|kathleen fuentes|colourpop|lightslabel,GlowMetric_Q1_2025,GlowMetric
YouTube,KathleenLights,KathleenLights,UC8v4vz_n2rys6Yxpj8LuOBA,Macro,wHL7zDmQyqc,First Impressions - CHIT CHAT GET READY WITH ME,2024-08-05T15:18:24Z,2024-08-05,Routine,4100000,100584,5332,446,,692,0.00141,0.0245,,0.1626,,,kathleen lights|kathleen fuentes|colourpop|lightslabel,GlowMetric_Q1_2025,GlowMetric
YouTube,KathleenLights,KathleenLights,UC8v4vz_n2rys6Yxpj8LuOBA,Macro,-E8MWP-xyMg,Products I HATE &amp; stuff I’ve used up,2024-05-31T02:31:56Z,2024-05-31,Vlog/Other,4100000,125016,7450,355,,645,0.0019,0.0305,,0.2043,,,kathleen lights|kathleen fuentes|colourpop|lightslabel,GlowMetric_Q1_2025,GlowMetric
YouTube,KathleenLights,KathleenLights,UC8v4vz_n2rys6Yxpj8LuOBA,Macro,5axqxx3WQGU,SHE WAS A FAIRY…. Spring GRWM,2024-02-27T20:07:15Z,2024-02-27,Routine,4100000,103263,6001,258,,1063,0.00153,0.0252,,0.2711,,,kathleen lights|kathleen fuentes|colourpop|lightslabel,GlowMetric_Q1_2025,GlowMetric
YouTube,KathleenLights,KathleenLights,UC8v4vz_n2rys6Yxpj8LuOBA,Macro,2awvxboqLAo,Trying Frosty “Cold Girl” Makeup!!,2024-02-13T16:17:08Z,2024-02-13,Vlog/Other,4100000,67061,4182,180,,804,0.00106,0.0164,,0.142,,,kathleen lights|kathleen fuentes|colourpop|lightslabel|cold girl makeup|tower 28,GlowMetric_Q1_2025,GlowMetric
YouTube,KathleenLights,KathleenLights,UC8v4vz_n2rys6Yxpj8LuOBA,Macro,59fA5jrX-98,AFFORDABLE GIRLY POP PRINCESS VDAY MAKEUP TUTORIAL,2024-02-03T19:52:18Z,2024-02-03,Tutorial,4100000,68833,3924,192,,685,0.001,0.0168,,0.1142,,,kathleen lights|kathleen fuentes|colourpop|lightslabel,GlowMetric_Q1_2025,GlowMetric
